ip.src,ip.dst,ip.len,ip.flags.df,ip.flags.mf,ip.fragment,ip.fragment.count,ip.fragments,ip.ttl,ip.proto,tcp.window_size,tcp.ack,tcp.seq,tcp.len,tcp.stream,tcp.urgent_pointer,tcp.flags,tcp.analysis.ack_rtt,tcp.segments,tcp.reassembled.length,ssl.handshake,ssl.record,ssl.record.content_type,ssl.handshake.cert_url.url_len,ssl.handshake.certificate_length,ssl.handshake.cert_type,ssl.handshake.cert_type.type,ssl.handshake.cert_type.types,ssl.handshake.cert_type.types_len,ssl.handshake.cert_types,ssl.handshake.cert_types_count,dtls.handshake.extension.len,dtls.handshake.extension.type,dtls.handshake.session_id,dtls.handshake.session_id_length,dtls.handshake.session_ticket_length,dtls.handshake.sig_hash_alg_len,dtls.handshake.sig_len,dtls.handshake.version,dtls.heartbeat_message.padding,dtls.heartbeat_message.payload_length,dtls.heartbeat_message.payload_length.invalid,dtls.record.content_type,dtls.record.content_type,dtls.record.length,dtls.record.sequence_number,dtls.record.version,dtls.change_cipher_spec,dtls.fragment.count,dtls.handshake.cert_type.types_len,dtls.handshake.certificate_length,dtls.handshake.certificates_length,dtls.handshake.cipher_suites_length,dtls.handshake.comp_methods_length,dtls.handshake.exponent_len,dtls.handshake.extension.len,dtls.handshake.extensions_alpn_str,dtls.handshake.extensions_alpn_str_len,dtls.handshake.extensions_key_share_client_length,http.request,udp.port
"221.179.190.189","10.0.1.7","40","0","0",,,,"42","6","0","0","1","0","0","0","0x00000004",,,,,,,,,,,,,,,,,,,,,,,,,,,,,,,,,,,,,,,,,,,,
"221.179.190.189","10.0.1.7","40","0","0",,,,"41","6","0","0","1","0","1","0","0x00000004",,,,,,,,,,,,,,,,,,,,,,,,,,,,,,,,,,,,,,,,,,,,
"157.240.24.9","10.0.1.7","91","0","0",,,,"84","6","114","1","1","39","2","0","0x00000018",,,,,"1","23",,,,,,,,,,,,,,,,,,,,,,,,,,,,,,,,,,,,,,
"157.240.24.9","10.0.1.7","52","0","0",,,,"84","6","114","1","40","0","2","0","0x00000011",,,,,,,,,,,,,,,,,,,,,,,,,,,,,,,,,,,,,,,,,,,,
"10.0.1.7","157.240.24.9","52","1","0",,,,"64","6","2043","40","1","0","2","0","0x00000010","0.000054000",,,,,,,,,,,,,,,,,,,,,,,,,,,,,,,,,,,,,,,,,,,
"10.0.1.7","157.240.24.9","52","1","0",,,,"64","6","2043","41","1","0","2","0","0x00000010","0.000050000",,,,,,,,,,,,,,,,,,,,,,,,,,,,,,,,,,,,,,,,,,,
"157.240.24.9","10.0.1.7","52","0","0",,,,"84","6","114","1","40","0","2","0","0x00000011",,,,,,,,,,,,,,,,,,,,,,,,,,,,,,,,,,,,,,,,,,,,
"10.0.1.7","157.240.24.9","52","1","0",,,,"64","6","2043","41","1","0","2","0","0x00000010","0.000037000",,,,,,,,,,,,,,,,,,,,,,,,,,,,,,,,,,,,,,,,,,,
"52.198.217.207","10.0.1.7","52","0","0",,,,"232","6","110","1","1","0","3","0","0x00000011",,,,,,,,,,,,,,,,,,,,,,,,,,,,,,,,,,,,,,,,,,,,
"10.0.1.7","52.198.217.207","52","1","0",,,,"64","6","2047","2","1","0","3","0","0x00000010","0.000031000",,,,,,,,,,,,,,,,,,,,,,,,,,,,,,,,,,,,,,,,,,,
"10.0.1.7","123.125.29.199","40","0","0",,,,"64","6","2047","1","1","0","4","0","0x00000010",,,,,,,,,,,,,,,,,,,,,,,,,,,,,,,,,,,,,,,,,,,,
"10.0.1.7","123.125.29.216","40","0","0",,,,"64","6","2047","1","1","0","5","0","0x00000010",,,,,,,,,,,,,,,,,,,,,,,,,,,,,,,,,,,,,,,,,,,,
"123.125.29.199","10.0.1.7","40","0","0",,,,"47","6","0","0","1","0","4","0","0x00000004",,,,,,,,,,,,,,,,,,,,,,,,,,,,,,,,,,,,,,,,,,,,
"123.125.29.216","10.0.1.7","40","0","0",,,,"47","6","0","0","1","0","5","0","0x00000004",,,,,,,,,,,,,,,,,,,,,,,,,,,,,,,,,,,,,,,,,,,,
"10.0.1.7","157.240.24.9","40","1","0",,,,"64","6","2043","41","1","0","2","0","0x00000014",,,,,,,,,,,,,,,,,,,,,,,,,,,,,,,,,,,,,,,,,,,,
"10.0.1.7","13.113.219.182","40","1","0",,,,"64","6","2041","1","1","0","6","0","0x00000014",,,,,,,,,,,,,,,,,,,,,,,,,,,,,,,,,,,,,,,,,,,,
"10.0.1.7","221.228.208.94","40","1","0",,,,"64","6","4095","1","1","0","7","0","0x00000014",,,,,,,,,,,,,,,,,,,,,,,,,,,,,,,,,,,,,,,,,,,,
"10.0.1.7","157.185.185.85","40","1","0",,,,"64","6","4095","1","1","0","8","0","0x00000014",,,,,,,,,,,,,,,,,,,,,,,,,,,,,,,,,,,,,,,,,,,,
"10.0.1.7","159.65.251.183","40","1","0",,,,"64","6","2047","1","1","0","9","0","0x00000014",,,,,,,,,,,,,,,,,,,,,,,,,,,,,,,,,,,,,,,,,,,,
"10.0.1.7","36.51.254.37","40","1","0",,,,"64","6","4089","1","1","0","10","0","0x00000014",,,,,,,,,,,,,,,,,,,,,,,,,,,,,,,,,,,,,,,,,,,,
"10.0.1.7","36.51.254.37","40","1","0",,,,"64","6","4089","1","1","0","11","0","0x00000014",,,,,,,,,,,,,,,,,,,,,,,,,,,,,,,,,,,,,,,,,,,,
"10.0.1.7","36.51.254.37","40","1","0",,,,"64","6","4089","1","1","0","12","0","0x00000014",,,,,,,,,,,,,,,,,,,,,,,,,,,,,,,,,,,,,,,,,,,,
"10.0.1.7","180.149.153.234","40","1","0",,,,"64","6","2047","1","1","0","13","0","0x00000014",,,,,,,,,,,,,,,,,,,,,,,,,,,,,,,,,,,,,,,,,,,,
"10.0.1.7","180.149.153.68","40","1","0",,,,"64","6","2047","1","1","0","14","0","0x00000014",,,,,,,,,,,,,,,,,,,,,,,,,,,,,,,,,,,,,,,,,,,,
"10.0.1.7","202.232.238.37","40","1","0",,,,"64","6","2047","1","1","0","15","0","0x00000014",,,,,,,,,,,,,,,,,,,,,,,,,,,,,,,,,,,,,,,,,,,,
"10.0.1.7","130.211.28.155","40","1","0",,,,"64","6","2041","1","1","0","16","0","0x00000014",,,,,,,,,,,,,,,,,,,,,,,,,,,,,,,,,,,,,,,,,,,,
"10.0.1.7","52.198.217.207","40","1","0",,,,"64","6","2047","2","1","0","3","0","0x00000014",,,,,,,,,,,,,,,,,,,,,,,,,,,,,,,,,,,,,,,,,,,,
"10.0.1.7","203.90.242.126","64","1","0",,,,"64","6","65535","0","0","0","17","0","0x00000002",,,,,,,,,,,,,,,,,,,,,,,,,,,,,,,,,,,,,,,,,,,,
"10.0.1.7","140.143.202.143","64","1","0",,,,"64","6","65535","0","0","0","18","0","0x00000002",,,,,,,,,,,,,,,,,,,,,,,,,,,,,,,,,,,,,,,,,,,,
"203.90.242.126","10.0.1.7","60","0","0",,,,"52","6","28960","1","0","0","17","0","0x00000012","0.045309000",,,,,,,,,,,,,,,,,,,,,,,,,,,,,,,,,,,,,,,,,,,
"10.0.1.7","203.90.242.126","52","1","0",,,,"64","6","131712","1","1","0","17","0","0x00000010","0.000026000",,,,,,,,,,,,,,,,,,,,,,,,,,,,,,,,,,,,,,,,,,,
"10.0.1.7","203.90.242.126","569","1","0",,,,"64","6","131712","1","1","517","17","0","0x00000018",,,,"1","1","22",,,,,,,,,,,,,,,,,,,,,,,,,,,,,,,,,,,,,,
"203.90.242.126","10.0.1.7","52","0","0",,,,"52","6","30080","518","1","0","17","0","0x00000010","0.039740000",,,,,,,,,,,,,,,,,,,,,,,,,,,,,,,,,,,,,,,,,,,
"203.90.242.126","10.0.1.7","1500","0","0",,,,"52","6","30080","518","1","1448","17","0","0x00000010",,,,"1","1","22",,,,,,,,,,,,,,,,,,,,,,,,,,,,,,,,,,,,,,
"203.90.242.126","10.0.1.7","1500","0","0",,,,"53","6","30080","518","1449","1448","17","0","0x00000010",,"1","2569","1","1","22",,"1384",,,,,,,,,,,,,,,,,,,,,,,,,,,,,,,,,,,,
"10.0.1.7","203.90.242.126","52","1","0",,,,"64","6","128832","2897","518","0","17","0","0x00000010","0.000052000",,,,,,,,,,,,,,,,,,,,,,,,,,,,,,,,,,,,,,,,,,,
"203.90.242.126","10.0.1.7","124","0","0",,,,"53","6","30080","518","2897","72","17","0","0x00000018",,"1","305","1","1","22",,,,,,,,,,,,,,,,,,,,,,,,,,,,,,,,,,,,,,
"10.0.1.7","203.90.242.126","52","1","0",,,,"64","6","130944","2969","518","0","17","0","0x00000010","0.000036000",,,,,,,,,,,,,,,,,,,,,,,,,,,,,,,,,,,,,,,,,,,
"10.0.1.7","203.90.242.126","145","1","0",,,,"64","6","131072","2969","518","93","17","0","0x00000018",,,,"1","1","22",,,,,,,,,,,,,,,,,,,,,,,,,,,,,,,,,,,,,,
"203.90.242.126","10.0.1.7","282","0","0",,,,"52","6","30080","611","2969","230","17","0","0x00000018","0.040694000",,,"1","1","22",,,,,,,,,,,,,,,,,,,,,,,,,,,,,,,,,,,,,,
"10.0.1.7","203.90.242.126","52","1","0",,,,"64","6","130816","3199","611","0","17","0","0x00000010","0.000036000",,,,,,,,,,,,,,,,,,,,,,,,,,,,,,,,,,,,,,,,,,,
"10.0.1.7","140.143.202.143","64","1","0",,,,"64","6","65535","0","0","0","19","0","0x00000002",,,,,,,,,,,,,,,,,,,,,,,,,,,,,,,,,,,,,,,,,,,,
"140.143.202.143","10.0.1.7","60","0","0",,,,"38","6","65535","1","0","0","18","0","0x00000012","0.376728000",,,,,,,,,,,,,,,,,,,,,,,,,,,,,,,,,,,,,,,,,,,
"10.0.1.7","140.143.202.143","52","1","0",,,,"64","6","131264","1","1","0","18","0","0x00000010","0.000095000",,,,,,,,,,,,,,,,,,,,,,,,,,,,,,,,,,,,,,,,,,,
"10.0.1.7","140.143.202.143","569","1","0",,,,"64","6","131264","1","1","517","18","0","0x00000018",,,,"1","1","22",,,,,,,,,,,,,,,,,,,,,,,,,,,,,,,,,,,,,,
"10.0.1.7","47.246.1.194","64","1","0",,,,"64","6","65535","0","0","0","20","0","0x00000002",,,,,,,,,,,,,,,,,,,,,,,,,,,,,,,,,,,,,,,,,,,,
"47.246.1.194","10.0.1.7","52","0","0",,,,"53","6","29200","1","0","0","20","0","0x00000012","0.005721000",,,,,,,,,,,,,,,,,,,,,,,,,,,,,,,,,,,,,,,,,,,
"10.0.1.7","47.246.1.194","40","1","0",,,,"64","6","262144","1","1","0","20","0","0x00000010","0.000047000",,,,,,,,,,,,,,,,,,,,,,,,,,,,,,,,,,,,,,,,,,,
"10.0.1.7","47.246.1.194","557","1","0",,,,"64","6","262144","1","1","517","20","0","0x00000018",,,,"1","1","22",,,,,,,,,,,,,,,,,,,,,,,,,,,,,,,,,,,,,,
"47.246.1.194","10.0.1.7","40","0","0",,,,"53","6","30720","518","1","0","20","0","0x00000010","0.005195000",,,,,,,,,,,,,,,,,,,,,,,,,,,,,,,,,,,,,,,,,,,
"47.246.1.194","10.0.1.7","1500","0","0",,,,"53","6","30720","518","1","1460","20","0","0x00000010",,,,"1","1","22",,,,,,,,,,,,,,,,,,,,,,,,,,,,,,,,,,,,,,
"47.246.1.194","10.0.1.7","1500","1","0",,,,"54","6","30720","518","1461","1460","20","0","0x00000010",,,,,,,,,,,,,,,,,,,,,,,,,,,,,,,,,,,,,,,,,,,,
"10.0.1.7","47.246.1.194","40","1","0",,,,"64","6","259200","2921","518","0","20","0","0x00000010","0.000032000",,,,,,,,,,,,,,,,,,,,,,,,,,,,,,,,,,,,,,,,,,,
"10.0.1.7","47.246.1.194","40","1","0",,,,"64","6","262144","2921","518","0","20","0","0x00000010",,,,,,,,,,,,,,,,,,,,,,,,,,,,,,,,,,,,,,,,,,,,
"47.246.1.194","10.0.1.7","1216","1","0",,,,"54","6","30720","518","2921","1176","20","0","0x00000018",,,,,,,,,,,,,,,,,,,,,,,,,,,,,,,,,,,,,,,,,,,,
"10.0.1.7","47.246.1.194","40","1","0",,,,"64","6","260928","4097","518","0","20","0","0x00000010","0.000020000",,,,,,,,,,,,,,,,,,,,,,,,,,,,,,,,,,,,,,,,,,,
"47.246.1.194","10.0.1.7","646","0","0",,,,"53","6","30720","518","4097","606","20","0","0x00000018",,"1","4309","1","1","22",,"3124",,,,,,,,,,,,,,,,,,,,,,,,,,,,,,,,,,,,
"10.0.1.7","47.246.1.194","40","1","0",,,,"64","6","261504","4703","518","0","20","0","0x00000010","0.000034000",,,,,,,,,,,,,,,,,,,,,,,,,,,,,,,,,,,,,,,,,,,
"10.0.1.7","47.246.1.194","133","1","0",,,,"64","6","262144","4703","518","93","20","0","0x00000018",,,,"1","1","22",,,,,,,,,,,,,,,,,,,,,,,,,,,,,,,,,,,,,,
"47.246.1.194","10.0.1.7","282","0","0",,,,"53","6","30720","611","4703","242","20","0","0x00000010","0.005007000",,,"1","1","22",,,,,,,,,,,,,,,,,,,,,,,,,,,,,,,,,,,,,,
"47.246.1.194","10.0.1.7","109","1","0",,,,"54","6","30720","611","4945","69","20","0","0x00000018",,,,,"1","23",,,,,,,,,,,,,,,,,,,,,,,,,,,,,,,,,,,,,,
"10.0.1.7","47.246.1.194","40","1","0",,,,"64","6","261824","5014","611","0","20","0","0x00000010","0.000038000",,,,,,,,,,,,,,,,,,,,,,,,,,,,,,,,,,,,,,,,,,,
"10.0.1.7","36.51.254.217","64","1","0",,,,"64","6","65535","0","0","0","21","0","0x00000002",,,,,,,,,,,,,,,,,,,,,,,,,,,,,,,,,,,,,,,,,,,,
"36.51.254.217","10.0.1.7","52","0","0",,,,"52","6","14600","1","0","0","21","0","0x00000012","0.044540000",,,,,,,,,,,,,,,,,,,,,,,,,,,,,,,,,,,,,,,,,,,
"10.0.1.7","36.51.254.217","40","1","0",,,,"64","6","262144","1","1","0","21","0","0x00000010","0.000044000",,,,,,,,,,,,,,,,,,,,,,,,,,,,,,,,,,,,,,,,,,,
"10.0.1.7","36.51.254.217","557","1","0",,,,"64","6","262144","1","1","517","21","0","0x00000018",,,,"1","1","22",,,,,,,,,,,,,,,,,,,,,,,,,,,,,,,,,,,,,,
"36.51.254.217","10.0.1.7","40","0","0",,,,"52","6","15744","518","1","0","21","0","0x00000010","0.042229000",,,,,,,,,,,,,,,,,,,,,,,,,,,,,,,,,,,,,,,,,,,
"36.51.254.217","10.0.1.7","1500","0","0",,,,"53","6","15744","518","1","1460","21","0","0x00000010",,,,"1","1","22",,,,,,,,,,,,,,,,,,,,,,,,,,,,,,,,,,,,,,
"36.51.254.217","10.0.1.7","1500","0","0",,,,"53","6","15744","518","1461","1460","21","0","0x00000010",,,,,,,,,,,,,,,,,,,,,,,,,,,,,,,,,,,,,,,,,,,,
"36.51.254.217","10.0.1.7","268","0","0",,,,"52","6","15744","518","4381","228","21","0","0x00000018",,,,"1","1","22",,,,,,,,,,,,,,,,,,,,,,,,,,,,,,,,,,,,,,
"36.51.254.217","10.0.1.7","1500","0","0",,,,"52","6","15744","518","2921","1460","21","0","0x00000010",,"1","4541",,,,,,,,,,,,,,,,,,,,,,,,,,,,,,,,,,,,,,,,,
"10.0.1.7","36.51.254.217","40","1","0",,,,"64","6","260672","2921","518","0","21","0","0x00000010","0.000035000",,,,,,,,,,,,,,,,,,,,,,,,,,,,,,,,,,,,,,,,,,,
"10.0.1.7","36.51.254.217","52","1","0",,,,"64","6","260672","2921","518","0","21","0","0x00000010",,,,,,,,,,,,,,,,,,,,,,,,,,,,,,,,,,,,,,,,,,,,
"10.0.1.7","36.51.254.217","40","1","0",,,,"64","6","258944","4609","518","0","21","0","0x00000010","0.000033000",,,,,,,,,,,,,,,,,,,,,,,,,,,,,,,,,,,,,,,,,,,
"10.0.1.7","36.51.254.217","40","1","0",,,,"64","6","262144","4609","518","0","21","0","0x00000010",,,,,,,,,,,,,,,,,,,,,,,,,,,,,,,,,,,,,,,,,,,,
"10.0.1.7","36.51.254.217","358","1","0",,,,"64","6","262144","4609","518","318","21","0","0x00000018",,,,"1","1","22",,,,,,,,,,,,,,,,,,,,,,,,,,,,,,,,,,,,,,
"36.51.254.217","10.0.1.7","282","0","0",,,,"52","6","16768","836","4609","242","21","0","0x00000018","0.042723000",,,"1","1","22",,,,,,,,,,,,,,,,,,,,,,,,,,,,,,,,,,,,,,
"10.0.1.7","36.51.254.217","40","1","0",,,,"64","6","261888","4851","836","0","21","0","0x00000010","0.000036000",,,,,,,,,,,,,,,,,,,,,,,,,,,,,,,,,,,,,,,,,,,
"10.0.1.7","23.74.229.240","64","1","0",,,,"64","6","65535","0","0","0","22","0","0x00000002",,,,,,,,,,,,,,,,,,,,,,,,,,,,,,,,,,,,,,,,,,,,
"23.74.229.240","10.0.1.7","60","0","0",,,,"54","6","28960","1","0","0","22","0","0x00000012","0.004988000",,,,,,,,,,,,,,,,,,,,,,,,,,,,,,,,,,,,,,,,,,,
"10.0.1.7","23.74.229.240","52","1","0",,,,"64","6","131712","1","1","0","22","0","0x00000010","0.000075000",,,,,,,,,,,,,,,,,,,,,,,,,,,,,,,,,,,,,,,,,,,
"10.0.1.7","23.74.229.240","569","1","0",,,,"64","6","131712","1","1","517","22","0","0x00000018",,,,"1","1","22",,,,,,,,,,,,,,,,,,,,,,,,,,,,,,,,,,,,,,
"23.74.229.240","10.0.1.7","52","0","0",,,,"54","6","30080","518","1","0","22","0","0x00000010","0.004742000",,,,,,,,,,,,,,,,,,,,,,,,,,,,,,,,,,,,,,,,,,,
"23.74.229.240","10.0.1.7","204","0","0",,,,"54","6","30080","518","1","152","22","0","0x00000018",,,,"1","1","22",,,,,,,,,,,,,,,,,,,,,,,,,,,,,,,,,,,,,,
"10.0.1.7","23.74.229.240","52","1","0",,,,"64","6","131584","153","518","0","22","0","0x00000010","0.000020000",,,,,,,,,,,,,,,,,,,,,,,,,,,,,,,,,,,,,,,,,,,
"10.0.1.7","23.74.229.240","103","1","0",,,,"64","6","131584","153","518","51","22","0","0x00000018",,,,"1","1","20",,,,,,,,,,,,,,,,,,,,,,,,,,,,,,,,,,,,,,
"23.74.229.240","10.0.1.7","52","0","0",,,,"54","6","30080","569","153","0","22","0","0x00000010","0.045308000",,,,,,,,,,,,,,,,,,,,,,,,,,,,,,,,,,,,,,,,,,,
"140.143.202.143","10.0.1.7","52","0","0",,,,"38","6","6553600","518","1","0","18","0","0x00000010","0.377638000",,,,,,,,,,,,,,,,,,,,,,,,,,,,,,,,,,,,,,,,,,,
"140.143.202.143","10.0.1.7","1464","1","0",,,,"39","6","6553600","518","1","1412","18","0","0x00000010",,,,"1","1","22",,,,,,,,,,,,,,,,,,,,,,,,,,,,,,,,,,,,,,
"140.143.202.143","10.0.1.7","1464","1","0",,,,"39","6","6553600","518","1413","1412","18","0","0x00000010",,,,,,,,,,,,,,,,,,,,,,,,,,,,,,,,,,,,,,,,,,,,
"140.143.202.143","10.0.1.7","1324","1","0",,,,"39","6","6553600","518","2825","1272","18","0","0x00000018",,,,,,,,,,,,,,,,,,,,,,,,,,,,,,,,,,,,,,,,,,,,
"10.0.1.7","140.143.202.143","52","1","0",,,,"64","6","129600","2825","518","0","18","0","0x00000010","0.000032000",,,,,,,,,,,,,,,,,,,,,,,,,,,,,,,,,,,,,,,,,,,
"10.0.1.7","140.143.202.143","52","1","0",,,,"64","6","128384","4097","518","0","18","0","0x00000010","0.000030000",,,,,,,,,,,,,,,,,,,,,,,,,,,,,,,,,,,,,,,,,,,
"140.143.202.143","10.0.1.7","1464","0","0",,,,"38","6","6553600","518","4097","1412","18","0","0x00000010",,"1","5428","1","1","22",,"1374",,,,,,,,,,,,,,,,,,,,,,,,,,,,,,,,,,,,
"10.0.1.7","140.143.202.143","52","1","0",,,,"64","6","131072","5509","518","0","18","0","0x00000010","0.000085000",,,,,,,,,,,,,,,,,,,,,,,,,,,,,,,,,,,,,,,,,,,
"10.0.1.7","36.51.254.37","64","1","0",,,,"64","6","65535","0","0","0","23","0","0x00000002",,,,,,,,,,,,,,,,,,,,,,,,,,,,,,,,,,,,,,,,,,,,
"36.51.254.37","10.0.1.7","52","0","0",,,,"52","6","14600","1","0","0","23","0","0x00000012","0.045517000",,,,,,,,,,,,,,,,,,,,,,,,,,,,,,,,,,,,,,,,,,,
"10.0.1.7","36.51.254.37","40","1","0",,,,"64","6","262144","1","1","0","23","0","0x00000010","0.000061000",,,,,,,,,,,,,,,,,,,,,,,,,,,,,,,,,,,,,,,,,,,
"10.0.1.7","36.51.254.37","557","1","0",,,,"64","6","262144","1","1","517","23","0","0x00000018",,,,"1","1","22",,,,,,,,,,,,,,,,,,,,,,,,,,,,,,,,,,,,,,
"36.51.254.37","10.0.1.7","40","0","0",,,,"52","6","15872","518","1","0","23","0","0x00000010","0.046786000",,,,,,,,,,,,,,,,,,,,,,,,,,,,,,,,,,,,,,,,,,,
"36.51.254.37","10.0.1.7","1500","0","0",,,,"52","6","15872","518","1","1460","23","0","0x00000010",,,,"1","1","22",,,,,,,,,,,,,,,,,,,,,,,,,,,,,,,,,,,,,,
"36.51.254.37","10.0.1.7","1500","0","0",,,,"53","6","15872","518","1461","1460","23","0","0x00000010",,,,,,,,,,,,,,,,,,,,,,,,,,,,,,,,,,,,,,,,,,,,
"10.0.1.7","36.51.254.37","40","1","0",,,,"64","6","259200","2921","518","0","23","0","0x00000010","0.000054000",,,,,,,,,,,,,,,,,,,,,,,,,,,,,,,,,,,,,,,,,,,
"10.0.1.7","36.51.254.37","40","1","0",,,,"64","6","262144","2921","518","0","23","0","0x00000010",,,,,,,,,,,,,,,,,,,,,,,,,,,,,,,,,,,,,,,,,,,,
"36.51.254.37","10.0.1.7","1500","0","0",,,,"53","6","15872","518","2921","1460","23","0","0x00000010",,,,,,,,,,,,,,,,,,,,,,,,,,,,,,,,,,,,,,,,,,,,
"36.51.254.37","10.0.1.7","627","0","0",,,,"53","6","15872","518","4381","587","23","0","0x00000018",,"1","4541","1","1","22",,"3356",,,,,,,,,,,,,,,,,,,,,,,,,,,,,,,,,,,,
"10.0.1.7","36.51.254.37","40","1","0",,,,"64","6","260096","4968","518","0","23","0","0x00000010","0.000018000",,,,,,,,,,,,,,,,,,,,,,,,,,,,,,,,,,,,,,,,,,,
"10.0.1.7","36.51.254.37","166","1","0",,,,"64","6","262144","4968","518","126","23","0","0x00000018",,,,"1","1","22",,,,,,,,,,,,,,,,,,,,,,,,,,,,,,,,,,,,,,
"36.51.254.37","10.0.1.7","298","0","0",,,,"52","6","15872","644","4968","258","23","0","0x00000010","0.046969000",,,"1","1","22",,,,,,,,,,,,,,,,,,,,,,,,,,,,,,,,,,,,,,
"36.51.254.37","10.0.1.7","109","0","0",,,,"53","6","15872","644","5226","69","23","0","0x00000018",,,,,"1","23",,,,,,,,,,,,,,,,,,,,,,,,,,,,,,,,,,,,,,
"10.0.1.7","36.51.254.37","40","1","0",,,,"64","6","261760","5295","644","0","23","0","0x00000010","0.000032000",,,,,,,,,,,,,,,,,,,,,,,,,,,,,,,,,,,,,,,,,,,
"140.143.202.143","10.0.1.7","389","0","0",,,,"38","6","6553600","518","5509","337","18","0","0x00000018",,"1","338","1","1","22",,,,,,,,,,,,,,,,,,,,,,,,,,,,,,,,,,,,,,
"10.0.1.7","140.143.202.143","52","1","0",,,,"64","6","130688","5846","518","0","18","0","0x00000010","0.000055000",,,,,,,,,,,,,,,,,,,,,,,,,,,,,,,,,,,,,,,,,,,
"10.0.1.7","140.143.202.143","178","1","0",,,,"64","6","131072","5846","518","126","18","0","0x00000018",,,,"1","1","22",,,,,,,,,,,,,,,,,,,,,,,,,,,,,,,,,,,,,,
"10.0.1.7","140.143.202.143","64","1","0",,,,"64","6","65535","0","0","0","19","0","0x00000002",,,,,,,,,,,,,,,,,,,,,,,,,,,,,,,,,,,,,,,,,,,,
"140.143.202.143","10.0.1.7","310","0","0",,,,"38","6","6553600","644","5846","258","18","0","0x00000018","0.379814000",,,"1","1","22",,,,,,,,,,,,,,,,,,,,,,,,,,,,,,,,,,,,,,
"10.0.1.7","140.143.202.143","52","1","0",,,,"64","6","130752","6104","644","0","18","0","0x00000010","0.000035000",,,,,,,,,,,,,,,,,,,,,,,,,,,,,,,,,,,,,,,,,,,
"140.143.202.143","10.0.1.7","60","0","0",,,,"36","6","65535","1","0","0","19","0","0x00000012","1.387796000",,,,,,,,,,,,,,,,,,,,,,,,,,,,,,,,,,,,,,,,,,,
"10.0.1.7","140.143.202.143","52","1","0",,,,"64","6","131264","1","1","0","19","0","0x00000010","0.000057000",,,,,,,,,,,,,,,,,,,,,,,,,,,,,,,,,,,,,,,,,,,
"10.0.1.7","47.246.1.13","64","1","0",,,,"64","6","65535","0","0","0","24","0","0x00000002",,,,,,,,,,,,,,,,,,,,,,,,,,,,,,,,,,,,,,,,,,,,
"47.246.1.13","10.0.1.7","52","0","0",,,,"53","6","29200","1","0","0","24","0","0x00000012","0.005543000",,,,,,,,,,,,,,,,,,,,,,,,,,,,,,,,,,,,,,,,,,,
"10.0.1.7","47.246.1.13","40","1","0",,,,"64","6","262144","1","1","0","24","0","0x00000010","0.000030000",,,,,,,,,,,,,,,,,,,,,,,,,,,,,,,,,,,,,,,,,,,
"10.0.1.7","47.246.1.13","557","1","0",,,,"64","6","262144","1","1","517","24","0","0x00000018",,,,"1","1","22",,,,,,,,,,,,,,,,,,,,,,,,,,,,,,,,,,,,,,
"47.246.1.13","10.0.1.7","40","0","0",,,,"53","6","30720","518","1","0","24","0","0x00000010","0.005038000",,,,,,,,,,,,,,,,,,,,,,,,,,,,,,,,,,,,,,,,,,,
"47.246.1.13","10.0.1.7","1500","1","0",,,,"54","6","30720","518","1","1460","24","0","0x00000010",,,,"1","1","22",,,,,,,,,,,,,,,,,,,,,,,,,,,,,,,,,,,,,,
"47.246.1.13","10.0.1.7","1500","1","0",,,,"54","6","30720","518","1461","1460","24","0","0x00000010",,,,,,,,,,,,,,,,,,,,,,,,,,,,,,,,,,,,,,,,,,,,
"47.246.1.13","10.0.1.7","1216","1","0",,,,"54","6","30720","518","2921","1176","24","0","0x00000018",,,,,,,,,,,,,,,,,,,,,,,,,,,,,,,,,,,,,,,,,,,,
"10.0.1.7","47.246.1.13","40","1","0",,,,"64","6","260672","2921","518","0","24","0","0x00000010","0.000048000",,,,,,,,,,,,,,,,,,,,,,,,,,,,,,,,,,,,,,,,,,,
"10.0.1.7","47.246.1.13","40","1","0",,,,"64","6","259456","4097","518","0","24","0","0x00000010","0.000046000",,,,,,,,,,,,,,,,,,,,,,,,,,,,,,,,,,,,,,,,,,,
"47.246.1.13","10.0.1.7","646","0","0",,,,"53","6","30720","518","4097","606","24","0","0x00000018",,"1","4309","1","1","22",,"3124",,,,,,,,,,,,,,,,,,,,,,,,,,,,,,,,,,,,
"10.0.1.7","47.246.1.13","40","1","0",,,,"64","6","261504","4703","518","0","24","0","0x00000010","0.000057000",,,,,,,,,,,,,,,,,,,,,,,,,,,,,,,,,,,,,,,,,,,
"10.0.1.7","47.246.1.13","133","1","0",,,,"64","6","262144","4703","518","93","24","0","0x00000018",,,,"1","1","22",,,,,,,,,,,,,,,,,,,,,,,,,,,,,,,,,,,,,,
"47.246.1.13","10.0.1.7","282","0","0",,,,"53","6","30720","611","4703","242","24","0","0x00000010","0.004949000",,,"1","1","22",,,,,,,,,,,,,,,,,,,,,,,,,,,,,,,,,,,,,,
"47.246.1.13","10.0.1.7","109","1","0",,,,"54","6","30720","611","4945","69","24","0","0x00000018",,,,,"1","23",,,,,,,,,,,,,,,,,,,,,,,,,,,,,,,,,,,,,,
"10.0.1.7","47.246.1.13","40","1","0",,,,"64","6","261824","5014","611","0","24","0","0x00000010","0.000023000",,,,,,,,,,,,,,,,,,,,,,,,,,,,,,,,,,,,,,,,,,,
"10.0.1.7","36.51.254.37","64","1","0",,,,"64","6","65535","0","0","0","25","0","0x00000002",,,,,,,,,,,,,,,,,,,,,,,,,,,,,,,,,,,,,,,,,,,,
"10.0.1.7","36.51.254.37","64","1","0",,,,"64","6","65535","0","0","0","26","0","0x00000002",,,,,,,,,,,,,,,,,,,,,,,,,,,,,,,,,,,,,,,,,,,,
"36.51.254.37","10.0.1.7","52","0","0",,,,"52","6","14600","1","0","0","25","0","0x00000012","0.043939000",,,,,,,,,,,,,,,,,,,,,,,,,,,,,,,,,,,,,,,,,,,
"10.0.1.7","36.51.254.37","40","1","0",,,,"64","6","262144","1","1","0","25","0","0x00000010","0.000053000",,,,,,,,,,,,,,,,,,,,,,,,,,,,,,,,,,,,,,,,,,,
"10.0.1.7","36.51.254.37","557","1","0",,,,"64","6","262144","1","1","517","25","0","0x00000018",,,,"1","1","22",,,,,,,,,,,,,,,,,,,,,,,,,,,,,,,,,,,,,,
"36.51.254.37","10.0.1.7","52","0","0",,,,"52","6","14600","1","0","0","26","0","0x00000012","0.044232000",,,,,,,,,,,,,,,,,,,,,,,,,,,,,,,,,,,,,,,,,,,
"10.0.1.7","36.51.254.37","40","1","0",,,,"64","6","262144","1","1","0","26","0","0x00000010","0.000054000",,,,,,,,,,,,,,,,,,,,,,,,,,,,,,,,,,,,,,,,,,,
"36.51.254.37","10.0.1.7","186","0","0",,,,"52","6","15872","518","1","146","25","0","0x00000018","0.044032000",,,"1","1","22",,,,,,,,,,,,,,,,,,,,,,,,,,,,,,,,,,,,,,
"10.0.1.7","36.51.254.37","40","1","0",,,,"64","6","261952","147","518","0","25","0","0x00000010","0.000026000",,,,,,,,,,,,,,,,,,,,,,,,,,,,,,,,,,,,,,,,,,,
"10.0.1.7","36.51.254.37","91","1","0",,,,"64","6","262144","147","518","51","25","0","0x00000018",,,,"1","1","20",,,,,,,,,,,,,,,,,,,,,,,,,,,,,,,,,,,,,,
"10.0.1.7","36.51.254.37","133","1","0",,,,"64","6","262144","147","569","93","25","0","0x00000018",,,,,"1","23",,,,,,,,,,,,,,,,,,,,,,,,,,,,,,,,,,,,,,
"10.0.1.7","36.51.254.37","837","1","0",,,,"64","6","262144","147","662","797","25","0","0x00000018",,,,,"1","23",,,,,,,,,,,,,,,,,,,,,,,,,,,,,,,,,,,,,,
"10.0.1.7","47.246.1.10","64","1","0",,,,"64","6","65535","0","0","0","27","0","0x00000002",,,,,,,,,,,,,,,,,,,,,,,,,,,,,,,,,,,,,,,,,,,,
"36.51.254.37","10.0.1.7","52","0","0",,,,"52","6","15872","518","147","0","25","0","0x00000010",,,,,,,,,,,,,,,,,,,,,,,,,,,,,,,,,,,,,,,,,,,,
"36.51.254.37","10.0.1.7","40","0","0",,,,"52","6","15872","662","147","0","25","0","0x00000010","0.042659000",,,,,,,,,,,,,,,,,,,,,,,,,,,,,,,,,,,,,,,,,,,
"10.0.1.7","36.51.254.37","91","1","0",,,,"64","6","262144","147","518","51","25","0","0x00000010",,,,,,,,,,,,,,,,,,,,,,,,,,,,,,,,,,,,,,,,,,,,
"10.0.1.7","36.51.254.37","837","1","0",,,,"64","6","262144","147","662","797","25","0","0x00000018",,,,,,,,,,,,,,,,,,,,,,,,,,,,,,,,,,,,,,,,,,,,
"10.0.1.7","36.51.254.37","837","1","0",,,,"64","6","262144","147","662","797","25","0","0x00000018",,,,,,,,,,,,,,,,,,,,,,,,,,,,,,,,,,,,,,,,,,,,
"36.51.254.37","10.0.1.7","118","0","0",,,,"52","6","17408","1459","147","78","25","0","0x00000018","0.042855000",,,,"1","23",,,,,,,,,,,,,,,,,,,,,,,,,,,,,,,,,,,,,,
"10.0.1.7","36.51.254.37","40","1","0",,,,"64","6","262016","225","1459","0","25","0","0x00000010","0.000022000",,,,,,,,,,,,,,,,,,,,,,,,,,,,,,,,,,,,,,,,,,,
"10.0.1.7","36.51.254.37","78","1","0",,,,"64","6","262144","225","1459","38","25","0","0x00000018",,,,,"1","23",,,,,,,,,,,,,,,,,,,,,,,,,,,,,,,,,,,,,,
"36.51.254.37","10.0.1.7","1500","0","0",,,,"52","6","17408","1459","225","1460","25","0","0x00000010",,,,,,,,,,,,,,,,,,,,,,,,,,,,,,,,,,,,,,,,,,,,
"36.51.254.37","10.0.1.7","1500","0","0",,,,"53","6","17408","1459","1685","1460","25","0","0x00000010",,,,,,,,,,,,,,,,,,,,,,,,,,,,,,,,,,,,,,,,,,,,
"36.51.254.37","10.0.1.7","1500","0","0",,,,"52","6","17408","1459","3145","1460","25","0","0x00000010",,"1","3983",,"1","23",,,,,,,,,,,,,,,,,,,,,,,,,,,,,,,,,,,,,,
"36.51.254.37","10.0.1.7","1500","0","0",,,,"53","6","17408","1459","4605","1460","25","0","0x00000010",,,,,,,,,,,,,,,,,,,,,,,,,,,,,,,,,,,,,,,,,,,,
"36.51.254.37","10.0.1.7","1500","0","0",,,,"53","6","17408","1459","6065","1460","25","0","0x00000010",,,,,,,,,,,,,,,,,,,,,,,,,,,,,,,,,,,,,,,,,,,,
"36.51.254.37","10.0.1.7","1500","0","0",,,,"53","6","17408","1459","7525","1460","25","0","0x00000010",,"1","4134",,"1","23",,,,,,,,,,,,,,,,,,,,,,,,,,,,,,,,,,,,,,
"10.0.1.7","36.51.254.37","40","1","0",,,,"64","6","260672","3145","1497","0","25","0","0x00000010","0.000045000",,,,,,,,,,,,,,,,,,,,,,,,,,,,,,,,,,,,,,,,,,,
"10.0.1.7","36.51.254.37","40","1","0",,,,"64","6","257728","6065","1497","0","25","0","0x00000010","0.000043000",,,,,,,,,,,,,,,,,,,,,,,,,,,,,,,,,,,,,,,,,,,
"10.0.1.7","36.51.254.37","40","1","0",,,,"64","6","254784","8985","1497","0","25","0","0x00000010","0.000053000",,,,,,,,,,,,,,,,,,,,,,,,,,,,,,,,,,,,,,,,,,,
"10.0.1.7","36.51.254.37","40","1","0",,,,"64","6","262144","8985","1497","0","25","0","0x00000010",,,,,,,,,,,,,,,,,,,,,,,,,,,,,,,,,,,,,,,,,,,,
"36.51.254.37","10.0.1.7","1500","0","0",,,,"53","6","17408","1459","8985","1460","25","0","0x00000010",,,,,,,,,,,,,,,,,,,,,,,,,,,,,,,,,,,,,,,,,,,,
"36.51.254.37","10.0.1.7","1500","0","0",,,,"53","6","17408","1459","10445","1460","25","0","0x00000010",,,,,,,,,,,,,,,,,,,,,,,,,,,,,,,,,,,,,,,,,,,,
"36.51.254.37","10.0.1.7","1500","0","0",,,,"53","6","17408","1459","11905","1460","25","0","0x00000010",,"1","4134",,"1","23",,,,,,,,,,,,,,,,,,,,,,,,,,,,,,,,,,,,,,
"10.0.1.7","36.51.254.37","40","1","0",,,,"64","6","259200","11905","1497","0","25","0","0x00000010","0.000024000",,,,,,,,,,,,,,,,,,,,,,,,,,,,,,,,,,,,,,,,,,,
"36.51.254.37","10.0.1.7","1500","0","0",,,,"53","6","17408","1459","13365","1460","25","0","0x00000010",,,,,,,,,,,,,,,,,,,,,,,,,,,,,,,,,,,,,,,,,,,,
"36.51.254.37","10.0.1.7","1500","0","0",,,,"52","6","17408","1459","14825","1460","25","0","0x00000010",,,,,,,,,,,,,,,,,,,,,,,,,,,,,,,,,,,,,,,,,,,,
"36.51.254.37","10.0.1.7","1500","0","0",,,,"53","6","17408","1459","16285","1460","25","0","0x00000018",,"1","4134",,"1","23",,,,,,,,,,,,,,,,,,,,,,,,,,,,,,,,,,,,,,
"10.0.1.7","36.51.254.37","40","1","0",,,,"64","6","262144","13365","1497","0","25","0","0x00000010","0.000189000",,,,,,,,,,,,,,,,,,,,,,,,,,,,,,,,,,,,,,,,,,,
"10.0.1.7","36.51.254.37","40","1","0",,,,"64","6","259200","16285","1497","0","25","0","0x00000010","0.000027000",,,,,,,,,,,,,,,,,,,,,,,,,,,,,,,,,,,,,,,,,,,
"10.0.1.7","36.51.254.37","40","1","0",,,,"64","6","257728","17745","1497","0","25","0","0x00000010","0.000026000",,,,,,,,,,,,,,,,,,,,,,,,,,,,,,,,,,,,,,,,,,,
"10.0.1.7","36.51.254.37","40","1","0",,,,"64","6","262144","17745","1497","0","25","0","0x00000010",,,,,,,,,,,,,,,,,,,,,,,,,,,,,,,,,,,,,,,,,,,,
"47.246.1.10","10.0.1.7","52","0","0",,,,"53","6","29200","1","0","0","27","0","0x00000012","0.012334000",,,,,,,,,,,,,,,,,,,,,,,,,,,,,,,,,,,,,,,,,,,
"10.0.1.7","47.246.1.10","40","1","0",,,,"64","6","262144","1","1","0","27","0","0x00000010","0.000024000",,,,,,,,,,,,,,,,,,,,,,,,,,,,,,,,,,,,,,,,,,,
"10.0.1.7","47.246.1.10","557","1","0",,,,"64","6","262144","1","1","517","27","0","0x00000018",,,,"1","1","22",,,,,,,,,,,,,,,,,,,,,,,,,,,,,,,,,,,,,,
"47.246.1.10","10.0.1.7","190","0","0",,,,"53","6","30720","518","1","150","27","0","0x00000018","0.012782000",,,"1","1","22",,,,,,,,,,,,,,,,,,,,,,,,,,,,,,,,,,,,,,
"10.0.1.7","47.246.1.10","40","1","0",,,,"64","6","261952","151","518","0","27","0","0x00000010","0.000043000",,,,,,,,,,,,,,,,,,,,,,,,,,,,,,,,,,,,,,,,,,,
"10.0.1.7","47.246.1.10","91","1","0",,,,"64","6","262144","151","518","51","27","0","0x00000018",,,,"1","1","20",,,,,,,,,,,,,,,,,,,,,,,,,,,,,,,,,,,,,,
"47.246.1.10","10.0.1.7","109","0","0",,,,"53","6","30720","569","151","69","27","0","0x00000018","0.003998000",,,,"1","23",,,,,,,,,,,,,,,,,,,,,,,,,,,,,,,,,,,,,,
"10.0.1.7","47.246.1.10","40","1","0",,,,"64","6","262016","220","569","0","27","0","0x00000010","0.000044000",,,,,,,,,,,,,,,,,,,,,,,,,,,,,,,,,,,,,,,,,,,
"36.51.254.37","10.0.1.7","52","0","0",,,,"52","6","17408","1459","17745","0","25","0","0x00000010",,,,,,,,,,,,,,,,,,,,,,,,,,,,,,,,,,,,,,,,,,,,
"36.51.254.37","10.0.1.7","52","0","0",,,,"52","6","17408","1459","17745","0","25","0","0x00000010",,,,,,,,,,,,,,,,,,,,,,,,,,,,,,,,,,,,,,,,,,,,
"36.51.254.37","10.0.1.7","52","0","0",,,,"52","6","17408","1459","17745","0","25","0","0x00000010",,,,,,,,,,,,,,,,,,,,,,,,,,,,,,,,,,,,,,,,,,,,
"36.51.254.37","10.0.1.7","1500","0","0",,,,"52","6","17408","1459","17745","1460","25","0","0x00000010",,,,,,,,,,,,,,,,,,,,,,,,,,,,,,,,,,,,,,,,,,,,
"36.51.254.37","10.0.1.7","1500","0","0",,,,"52","6","17408","1459","19205","1460","25","0","0x00000010",,,,,,,,,,,,,,,,,,,,,,,,,,,,,,,,,,,,,,,,,,,,
"36.51.254.37","10.0.1.7","1500","0","0",,,,"53","6","17408","1459","20665","1460","25","0","0x00000010",,"1","4134",,"1","23",,,,,,,,,,,,,,,,,,,,,,,,,,,,,,,,,,,,,,
"36.51.254.37","10.0.1.7","1500","0","0",,,,"53","6","17408","1459","22125","1460","25","0","0x00000010",,,,,,,,,,,,,,,,,,,,,,,,,,,,,,,,,,,,,,,,,,,,
"10.0.1.7","36.51.254.37","40","1","0",,,,"64","6","260672","20665","1497","0","25","0","0x00000010","0.000034000",,,,,,,,,,,,,,,,,,,,,,,,,,,,,,,,,,,,,,,,,,,
"10.0.1.7","36.51.254.37","40","1","0",,,,"64","6","257728","23585","1497","0","25","0","0x00000010","0.000031000",,,,,,,,,,,,,,,,,,,,,,,,,,,,,,,,,,,,,,,,,,,
"10.0.1.7","36.51.254.37","40","1","0",,,,"64","6","262144","23585","1497","0","25","0","0x00000010",,,,,,,,,,,,,,,,,,,,,,,,,,,,,,,,,,,,,,,,,,,,
"36.51.254.37","10.0.1.7","1500","0","0",,,,"52","6","17408","1459","23585","1460","25","0","0x00000010",,"1","4134",,"1","23",,,,,,,,,,,,,,,,,,,,,,,,,,,,,,,,,,,,,,
"36.51.254.37","10.0.1.7","1500","0","0",,,,"53","6","17408","1459","25045","1460","25","0","0x00000010",,,,,,,,,,,,,,,,,,,,,,,,,,,,,,,,,,,,,,,,,,,,
"36.51.254.37","10.0.1.7","1500","0","0",,,,"53","6","17408","1459","26505","1460","25","0","0x00000010",,,,,,,,,,,,,,,,,,,,,,,,,,,,,,,,,,,,,,,,,,,,
"36.51.254.37","10.0.1.7","1500","0","0",,,,"53","6","17408","1459","27965","1460","25","0","0x00000010",,"1","4134",,"1","23",,,,,,,,,,,,,,,,,,,,,,,,,,,,,,,,,,,,,,
"36.51.254.37","10.0.1.7","1500","0","0",,,,"53","6","17408","1459","29425","1460","25","0","0x00000010",,,,,,,,,,,,,,,,,,,,,,,,,,,,,,,,,,,,,,,,,,,,
"10.0.1.7","36.51.254.37","40","1","0",,,,"64","6","259200","26505","1497","0","25","0","0x00000010","0.000030000",,,,,,,,,,,,,,,,,,,,,,,,,,,,,,,,,,,,,,,,,,,
"10.0.1.7","36.51.254.37","40","1","0",,,,"64","6","256256","29425","1497","0","25","0","0x00000010","0.000029000",,,,,,,,,,,,,,,,,,,,,,,,,,,,,,,,,,,,,,,,,,,
"10.0.1.7","36.51.254.37","40","1","0",,,,"64","6","262144","30885","1497","0","25","0","0x00000010","0.000098000",,,,,,,,,,,,,,,,,,,,,,,,,,,,,,,,,,,,,,,,,,,
"36.51.254.37","10.0.1.7","1500","0","0",,,,"53","6","17408","1459","30885","1460","25","0","0x00000010",,,,,,,,,,,,,,,,,,,,,,,,,,,,,,,,,,,,,,,,,,,,
"36.51.254.37","10.0.1.7","1500","0","0",,,,"53","6","17408","1459","32345","1460","25","0","0x00000010",,"1","4134",,"1","23",,,,,,,,,,,,,,,,,,,,,,,,,,,,,,,,,,,,,,
"36.51.254.37","10.0.1.7","1500","0","0",,,,"53","6","17408","1459","33805","1460","25","0","0x00000010",,,,,,,,,,,,,,,,,,,,,,,,,,,,,,,,,,,,,,,,,,,,
"36.51.254.37","10.0.1.7","1500","0","0",,,,"53","6","17408","1459","35265","1460","25","0","0x00000010",,,,,,,,,,,,,,,,,,,,,,,,,,,,,,,,,,,,,,,,,,,,
"36.51.254.37","10.0.1.7","1500","0","0",,,,"53","6","17408","1459","36725","1460","25","0","0x00000010",,"1","4134",,"1","23",,,,,,,,,,,,,,,,,,,,,,,,,,,,,,,,,,,,,,
"10.0.1.7","36.51.254.37","40","1","0",,,,"64","6","260672","33805","1497","0","25","0","0x00000010","0.000026000",,,,,,,,,,,,,,,,,,,,,,,,,,,,,,,,,,,,,,,,,,,
"10.0.1.7","36.51.254.37","40","1","0",,,,"64","6","257728","36725","1497","0","25","0","0x00000010","0.000023000",,,,,,,,,,,,,,,,,,,,,,,,,,,,,,,,,,,,,,,,,,,
"10.0.1.7","36.51.254.37","40","1","0",,,,"64","6","262144","38185","1497","0","25","0","0x00000010","0.000082000",,,,,,,,,,,,,,,,,,,,,,,,,,,,,,,,,,,,,,,,,,,
"36.51.254.37","10.0.1.7","1500","0","0",,,,"53","6","17408","1459","38185","1460","25","0","0x00000010",,,,,,,,,,,,,,,,,,,,,,,,,,,,,,,,,,,,,,,,,,,,
"36.51.254.37","10.0.1.7","1500","0","0",,,,"53","6","17408","1459","39645","1460","25","0","0x00000010",,,,,,,,,,,,,,,,,,,,,,,,,,,,,,,,,,,,,,,,,,,,
"36.51.254.37","10.0.1.7","1500","0","0",,,,"53","6","17408","1459","41105","1460","25","0","0x00000010",,"1","4134",,"1","23",,,,,,,,,,,,,,,,,,,,,,,,,,,,,,,,,,,,,,
"10.0.1.7","36.51.254.37","40","1","0",,,,"64","6","259200","41105","1497","0","25","0","0x00000010","0.000027000",,,,,,,,,,,,,,,,,,,,,,,,,,,,,,,,,,,,,,,,,,,
"36.51.254.37","10.0.1.7","1500","0","0",,,,"53","6","17408","1459","42565","1460","25","0","0x00000010",,,,,,,,,,,,,,,,,,,,,,,,,,,,,,,,,,,,,,,,,,,,
"36.51.254.37","10.0.1.7","1500","0","0",,,,"53","6","17408","1459","44025","1460","25","0","0x00000010",,,,,,,,,,,,,,,,,,,,,,,,,,,,,,,,,,,,,,,,,,,,
"36.51.254.37","10.0.1.7","1500","0","0",,,,"53","6","17408","1459","45485","1460","25","0","0x00000010",,"1","4134",,"1","23",,,,,,,,,,,,,,,,,,,,,,,,,,,,,,,,,,,,,,
"36.51.254.37","10.0.1.7","1500","0","0",,,,"53","6","17408","1459","46945","1460","25","0","0x00000010",,,,,,,,,,,,,,,,,,,,,,,,,,,,,,,,,,,,,,,,,,,,
"10.0.1.7","36.51.254.37","40","1","0",,,,"64","6","256256","44025","1497","0","25","0","0x00000010","0.000020000",,,,,,,,,,,,,,,,,,,,,,,,,,,,,,,,,,,,,,,,,,,
"10.0.1.7","36.51.254.37","40","1","0",,,,"64","6","253376","46945","1497","0","25","0","0x00000010","0.000017000",,,,,,,,,,,,,,,,,,,,,,,,,,,,,,,,,,,,,,,,,,,
"10.0.1.7","36.51.254.37","40","1","0",,,,"64","6","262144","48405","1497","0","25","0","0x00000010","0.000049000",,,,,,,,,,,,,,,,,,,,,,,,,,,,,,,,,,,,,,,,,,,
"36.51.254.37","10.0.1.7","1500","0","0",,,,"53","6","17408","1459","48405","1460","25","0","0x00000010",,"1","4134",,"1","23",,,,,,,,,,,,,,,,,,,,,,,,,,,,,,,,,,,,,,
"36.51.254.37","10.0.1.7","1500","0","0",,,,"53","6","17408","1459","49865","1460","25","0","0x00000010",,,,,,,,,,,,,,,,,,,,,,,,,,,,,,,,,,,,,,,,,,,,
"36.51.254.37","10.0.1.7","1500","0","0",,,,"53","6","17408","1459","51325","1460","25","0","0x00000010",,,,,,,,,,,,,,,,,,,,,,,,,,,,,,,,,,,,,,,,,,,,
"36.51.254.37","10.0.1.7","1500","0","0",,,,"53","6","17408","1459","52785","1460","25","0","0x00000010",,"1","4134",,"1","23",,,,,,,,,,,,,,,,,,,,,,,,,,,,,,,,,,,,,,
"36.51.254.37","10.0.1.7","1500","0","0",,,,"53","6","17408","1459","54245","1460","25","0","0x00000010",,,,,,,,,,,,,,,,,,,,,,,,,,,,,,,,,,,,,,,,,,,,
"36.51.254.37","10.0.1.7","1500","0","0",,,,"53","6","17408","1459","55705","1460","25","0","0x00000010",,,,,,,,,,,,,,,,,,,,,,,,,,,,,,,,,,,,,,,,,,,,
"36.51.254.37","10.0.1.7","1500","0","0",,,,"53","6","17408","1459","57165","1460","25","0","0x00000010",,"1","4134",,"1","23",,,,,,,,,,,,,,,,,,,,,,,,,,,,,,,,,,,,,,
"10.0.1.7","36.51.254.37","40","1","0",,,,"64","6","259200","51325","1497","0","25","0","0x00000010","0.000027000",,,,,,,,,,,,,,,,,,,,,,,,,,,,,,,,,,,,,,,,,,,
"10.0.1.7","36.51.254.37","40","1","0",,,,"64","6","256256","54245","1497","0","25","0","0x00000010","0.000025000",,,,,,,,,,,,,,,,,,,,,,,,,,,,,,,,,,,,,,,,,,,
"10.0.1.7","36.51.254.37","40","1","0",,,,"64","6","253376","57165","1497","0","25","0","0x00000010","0.000022000",,,,,,,,,,,,,,,,,,,,,,,,,,,,,,,,,,,,,,,,,,,
"10.0.1.7","36.51.254.37","40","1","0",,,,"64","6","262144","58625","1497","0","25","0","0x00000010","0.000472000",,,,,,,,,,,,,,,,,,,,,,,,,,,,,,,,,,,,,,,,,,,
"36.51.254.37","10.0.1.7","1500","0","0",,,,"52","6","17408","1497","58625","1460","25","0","0x00000010","0.050689000",,,,,,,,,,,,,,,,,,,,,,,,,,,,,,,,,,,,,,,,,,,
"36.51.254.37","10.0.1.7","1500","0","0",,,,"53","6","17408","1497","60085","1460","25","0","0x00000010",,,,,,,,,,,,,,,,,,,,,,,,,,,,,,,,,,,,,,,,,,,,
"10.0.1.7","36.51.254.37","40","1","0",,,,"64","6","259200","61545","1497","0","25","0","0x00000010","0.000031000",,,,,,,,,,,,,,,,,,,,,,,,,,,,,,,,,,,,,,,,,,,
"36.51.254.37","10.0.1.7","1500","0","0",,,,"52","6","17408","1497","61545","1460","25","0","0x00000010",,"1","4134",,"1","23",,,,,,,,,,,,,,,,,,,,,,,,,,,,,,,,,,,,,,
"10.0.1.7","36.51.254.37","40","1","0",,,,"64","6","262144","63005","1497","0","25","0","0x00000010","0.000249000",,,,,,,,,,,,,,,,,,,,,,,,,,,,,,,,,,,,,,,,,,,
"36.51.254.37","10.0.1.7","1500","0","0",,,,"52","6","17408","1497","63005","1460","25","0","0x00000010",,,,,,,,,,,,,,,,,,,,,,,,,,,,,,,,,,,,,,,,,,,,
"10.0.1.7","47.246.1.13","133","1","0",,,,"64","6","261824","5014","611","93","24","0","0x00000018",,,,,"1","23",,,,,,,,,,,,,,,,,,,,,,,,,,,,,,,,,,,,,,
"36.51.254.37","10.0.1.7","1500","0","0",,,,"53","6","17408","1497","64465","1460","25","0","0x00000010",,,,,,,,,,,,,,,,,,,,,,,,,,,,,,,,,,,,,,,,,,,,
"36.51.254.37","10.0.1.7","1500","0","0",,,,"53","6","17408","1497","65925","1460","25","0","0x00000010",,"1","4134",,"1","23",,,,,,,,,,,,,,,,,,,,,,,,,,,,,,,,,,,,,,
"36.51.254.37","10.0.1.7","1500","0","0",,,,"53","6","17408","1497","67385","1460","25","0","0x00000010",,,,,,,,,,,,,,,,,,,,,,,,,,,,,,,,,,,,,,,,,,,,
"36.51.254.37","10.0.1.7","1500","0","0",,,,"53","6","17408","1497","68845","1460","25","0","0x00000010",,,,,,,,,,,,,,,,,,,,,,,,,,,,,,,,,,,,,,,,,,,,
"36.51.254.37","10.0.1.7","1500","0","0",,,,"53","6","17408","1497","70305","1460","25","0","0x00000010",,"1","4134",,"1","23",,,,,,,,,,,,,,,,,,,,,,,,,,,,,,,,,,,,,,
"36.51.254.37","10.0.1.7","1500","0","0",,,,"53","6","17408","1497","71765","1460","25","0","0x00000010",,,,,,,,,,,,,,,,,,,,,,,,,,,,,,,,,,,,,,,,,,,,
"36.51.254.37","10.0.1.7","1500","0","0",,,,"53","6","17408","1497","73225","1460","25","0","0x00000010",,"1","4134",,"1","23",,,,,,,,,,,,,,,,,,,,,,,,,,,,,,,,,,,,,,
"36.51.254.37","10.0.1.7","1500","0","0",,,,"53","6","17408","1497","74685","1460","25","0","0x00000010",,,,,,,,,,,,,,,,,,,,,,,,,,,,,,,,,,,,,,,,,,,,
"36.51.254.37","10.0.1.7","1500","0","0",,,,"53","6","17408","1497","76145","1460","25","0","0x00000010",,,,,,,,,,,,,,,,,,,,,,,,,,,,,,,,,,,,,,,,,,,,
"10.0.1.7","47.246.1.13","78","1","0",,,,"64","6","262144","5014","704","38","24","0","0x00000018",,,,,"1","23",,,,,,,,,,,,,,,,,,,,,,,,,,,,,,,,,,,,,,
"10.0.1.7","36.51.254.37","40","1","0",,,,"64","6","260672","65925","1497","0","25","0","0x00000010","0.000020000",,,,,,,,,,,,,,,,,,,,,,,,,,,,,,,,,,,,,,,,,,,
"10.0.1.7","36.51.254.37","40","1","0",,,,"64","6","257728","68845","1497","0","25","0","0x00000010","0.000016000",,,,,,,,,,,,,,,,,,,,,,,,,,,,,,,,,,,,,,,,,,,
"10.0.1.7","36.51.254.37","40","1","0",,,,"64","6","254784","71765","1497","0","25","0","0x00000010","0.000057000",,,,,,,,,,,,,,,,,,,,,,,,,,,,,,,,,,,,,,,,,,,
"10.0.1.7","36.51.254.37","40","1","0",,,,"64","6","251904","74685","1497","0","25","0","0x00000010","0.000056000",,,,,,,,,,,,,,,,,,,,,,,,,,,,,,,,,,,,,,,,,,,
"10.0.1.7","36.51.254.37","40","1","0",,,,"64","6","248960","77605","1497","0","25","0","0x00000010","0.000053000",,,,,,,,,,,,,,,,,,,,,,,,,,,,,,,,,,,,,,,,,,,
"36.51.254.37","10.0.1.7","1500","0","0",,,,"53","6","17408","1497","77605","1460","25","0","0x00000010",,"1","4134",,"1","23",,,,,,,,,,,,,,,,,,,,,,,,,,,,,,,,,,,,,,
"10.0.1.7","47.246.1.13","739","1","0",,,,"64","6","262144","5014","742","699","24","0","0x00000018",,,,,"1","23",,,,,,,,,,,,,,,,,,,,,,,,,,,,,,,,,,,,,,
"10.0.1.7","36.51.254.37","40","1","0",,,,"64","6","262144","79065","1497","0","25","0","0x00000010","0.000052000",,,,,,,,,,,,,,,,,,,,,,,,,,,,,,,,,,,,,,,,,,,
"10.0.1.7","36.51.254.37","183","1","0",,,,"64","6","262144","79065","1497","143","25","0","0x00000018",,,,,"1","23",,,,,,,,,,,,,,,,,,,,,,,,,,,,,,,,,,,,,,
"10.0.1.7","47.246.1.13","193","1","0",,,,"64","6","262144","5014","1441","153","24","0","0x00000018",,,,,"1","23",,,,,,,,,,,,,,,,,,,,,,,,,,,,,,,,,,,,,,
"47.246.1.13","10.0.1.7","78","0","0",,,,"53","6","30720","742","5014","38","24","0","0x00000018","0.026318000",,,,"1","23",,,,,,,,,,,,,,,,,,,,,,,,,,,,,,,,,,,,,,
"47.246.1.13","10.0.1.7","633","0","0",,,,"53","6","31744","1441","5052","593","24","0","0x00000018","0.026233000",,,,"1","23",,,,,,,,,,,,,,,,,,,,,,,,,,,,,,,,,,,,,,
"10.0.1.7","47.246.1.13","40","1","0",,,,"64","6","262080","5052","1594","0","24","0","0x00000010","0.000055000",,,,,,,,,,,,,,,,,,,,,,,,,,,,,,,,,,,,,,,,,,,
"10.0.1.7","47.246.1.13","40","1","0",,,,"64","6","261504","5645","1594","0","24","0","0x00000010","0.000053000",,,,,,,,,,,,,,,,,,,,,,,,,,,,,,,,,,,,,,,,,,,
"47.246.1.13","10.0.1.7","451","0","0",,,,"53","6","33280","1594","5645","411","24","0","0x00000018","0.015747000",,,,"1","23",,,,,,,,,,,,,,,,,,,,,,,,,,,,,,,,,,,,,,
"36.51.254.37","10.0.1.7","1500","0","0",,,,"52","6","17408","1497","79065","1460","25","0","0x00000010",,,,,,,,,,,,,,,,,,,,,,,,,,,,,,,,,,,,,,,,,,,,
"10.0.1.7","47.246.1.13","40","1","0",,,,"64","6","261696","6056","1594","0","24","0","0x00000010","0.000061000",,,,,,,,,,,,,,,,,,,,,,,,,,,,,,,,,,,,,,,,,,,
"36.51.254.37","10.0.1.7","1500","0","0",,,,"53","6","17408","1497","80525","1460","25","0","0x00000010",,,,,,,,,,,,,,,,,,,,,,,,,,,,,,,,,,,,,,,,,,,,
"36.51.254.37","10.0.1.7","1500","0","0",,,,"53","6","17408","1497","81985","1460","25","0","0x00000010",,"1","4134",,"1","23",,,,,,,,,,,,,,,,,,,,,,,,,,,,,,,,,,,,,,
"36.51.254.37","10.0.1.7","1500","0","0",,,,"53","6","17408","1497","83445","1460","25","0","0x00000010",,,,,,,,,,,,,,,,,,,,,,,,,,,,,,,,,,,,,,,,,,,,
"36.51.254.37","10.0.1.7","1500","0","0",,,,"53","6","17408","1497","84905","1460","25","0","0x00000010",,,,,,,,,,,,,,,,,,,,,,,,,,,,,,,,,,,,,,,,,,,,
"36.51.254.37","10.0.1.7","1500","0","0",,,,"53","6","17408","1497","86365","1460","25","0","0x00000010",,"1","4134",,"1","23",,,,,,,,,,,,,,,,,,,,,,,,,,,,,,,,,,,,,,
"36.51.254.37","10.0.1.7","1500","0","0",,,,"53","6","17408","1497","87825","1460","25","0","0x00000010",,,,,,,,,,,,,,,,,,,,,,,,,,,,,,,,,,,,,,,,,,,,
"36.51.254.37","10.0.1.7","1500","0","0",,,,"53","6","17408","1497","89285","1460","25","0","0x00000010",,,,,,,,,,,,,,,,,,,,,,,,,,,,,,,,,,,,,,,,,,,,
"36.51.254.37","10.0.1.7","1500","0","0",,,,"53","6","17408","1497","90745","1460","25","0","0x00000010",,"1","4134",,"1","23",,,,,,,,,,,,,,,,,,,,,,,,,,,,,,,,,,,,,,
"36.51.254.37","10.0.1.7","1500","0","0",,,,"53","6","17408","1497","92205","1460","25","0","0x00000010",,,,,,,,,,,,,,,,,,,,,,,,,,,,,,,,,,,,,,,,,,,,
"36.51.254.37","10.0.1.7","1500","0","0",,,,"53","6","17408","1497","93665","1460","25","0","0x00000010",,,,,,,,,,,,,,,,,,,,,,,,,,,,,,,,,,,,,,,,,,,,
"36.51.254.37","10.0.1.7","1500","0","0",,,,"53","6","17408","1497","95125","1460","25","0","0x00000010",,"1","4134",,"1","23",,,,,,,,,,,,,,,,,,,,,,,,,,,,,,,,,,,,,,
"36.51.254.37","10.0.1.7","1500","0","0",,,,"53","6","17408","1497","96585","1460","25","0","0x00000010",,,,,,,,,,,,,,,,,,,,,,,,,,,,,,,,,,,,,,,,,,,,
"10.0.1.7","36.51.254.37","40","1","0",,,,"64","6","260672","81985","1640","0","25","0","0x00000010","0.000045000",,,,,,,,,,,,,,,,,,,,,,,,,,,,,,,,,,,,,,,,,,,
"10.0.1.7","36.51.254.37","40","1","0",,,,"64","6","257728","84905","1640","0","25","0","0x00000010","0.000042000",,,,,,,,,,,,,,,,,,,,,,,,,,,,,,,,,,,,,,,,,,,
"10.0.1.7","36.51.254.37","40","1","0",,,,"64","6","254784","87825","1640","0","25","0","0x00000010","0.000042000",,,,,,,,,,,,,,,,,,,,,,,,,,,,,,,,,,,,,,,,,,,
"10.0.1.7","36.51.254.37","40","1","0",,,,"64","6","251904","90745","1640","0","25","0","0x00000010","0.000038000",,,,,,,,,,,,,,,,,,,,,,,,,,,,,,,,,,,,,,,,,,,
"10.0.1.7","36.51.254.37","40","1","0",,,,"64","6","248960","93665","1640","0","25","0","0x00000010","0.000036000",,,,,,,,,,,,,,,,,,,,,,,,,,,,,,,,,,,,,,,,,,,
"10.0.1.7","36.51.254.37","40","1","0",,,,"64","6","246080","96585","1640","0","25","0","0x00000010","0.000025000",,,,,,,,,,,,,,,,,,,,,,,,,,,,,,,,,,,,,,,,,,,
"36.51.254.37","10.0.1.7","1500","0","0",,,,"53","6","17408","1497","98045","1460","25","0","0x00000010",,"1","4134",,"1","23",,,,,,,,,,,,,,,,,,,,,,,,,,,,,,,,,,,,,,
"36.51.254.37","10.0.1.7","1500","0","0",,,,"52","6","17408","1497","99505","1460","25","0","0x00000010",,,,,,,,,,,,,,,,,,,,,,,,,,,,,,,,,,,,,,,,,,,,
"36.51.254.37","10.0.1.7","1500","0","0",,,,"53","6","17408","1497","100965","1460","25","0","0x00000010",,,,,,,,,,,,,,,,,,,,,,,,,,,,,,,,,,,,,,,,,,,,
"36.51.254.37","10.0.1.7","1500","0","0",,,,"53","6","17408","1497","102425","1460","25","0","0x00000010",,"1","4134",,"1","23",,,,,,,,,,,,,,,,,,,,,,,,,,,,,,,,,,,,,,
"36.51.254.37","10.0.1.7","1500","0","0",,,,"53","6","17408","1497","103885","1460","25","0","0x00000010",,,,,,,,,,,,,,,,,,,,,,,,,,,,,,,,,,,,,,,,,,,,
"36.51.254.37","10.0.1.7","1500","0","0",,,,"53","6","17408","1497","105345","1460","25","0","0x00000010",,,,,,,,,,,,,,,,,,,,,,,,,,,,,,,,,,,,,,,,,,,,
"10.0.1.7","36.51.254.37","40","1","0",,,,"64","6","243136","99505","1640","0","25","0","0x00000010","0.000026000",,,,,,,,,,,,,,,,,,,,,,,,,,,,,,,,,,,,,,,,,,,
"10.0.1.7","36.51.254.37","40","1","0",,,,"64","6","260544","99505","1640","0","25","0","0x00000010",,,,,,,,,,,,,,,,,,,,,,,,,,,,,,,,,,,,,,,,,,,,
"10.0.1.7","36.51.254.37","40","1","0",,,,"64","6","257600","102425","1640","0","25","0","0x00000010","0.000029000",,,,,,,,,,,,,,,,,,,,,,,,,,,,,,,,,,,,,,,,,,,
"10.0.1.7","36.51.254.37","40","1","0",,,,"64","6","254720","105345","1640","0","25","0","0x00000010","0.000029000",,,,,,,,,,,,,,,,,,,,,,,,,,,,,,,,,,,,,,,,,,,
"10.0.1.7","36.51.254.37","40","1","0",,,,"64","6","262144","106805","1640","0","25","0","0x00000010","0.000077000",,,,,,,,,,,,,,,,,,,,,,,,,,,,,,,,,,,,,,,,,,,
"36.51.254.37","10.0.1.7","1500","0","0",,,,"53","6","17408","1497","106805","1460","25","0","0x00000010",,"1","4134",,"1","23",,,,,,,,,,,,,,,,,,,,,,,,,,,,,,,,,,,,,,
"36.51.254.37","10.0.1.7","1500","0","0",,,,"53","6","17408","1497","108265","1460","25","0","0x00000010",,,,,,,,,,,,,,,,,,,,,,,,,,,,,,,,,,,,,,,,,,,,
"36.51.254.37","10.0.1.7","1500","0","0",,,,"53","6","17408","1497","109725","1460","25","0","0x00000010",,,,,,,,,,,,,,,,,,,,,,,,,,,,,,,,,,,,,,,,,,,,
"36.51.254.37","10.0.1.7","1500","0","0",,,,"53","6","17408","1497","111185","1460","25","0","0x00000010",,"1","4134",,"1","23",,,,,,,,,,,,,,,,,,,,,,,,,,,,,,,,,,,,,,
"36.51.254.37","10.0.1.7","1500","0","0",,,,"53","6","17408","1497","112645","1460","25","0","0x00000010",,,,,,,,,,,,,,,,,,,,,,,,,,,,,,,,,,,,,,,,,,,,
"10.0.1.7","36.51.254.37","40","1","0",,,,"64","6","259200","109725","1640","0","25","0","0x00000010","0.000021000",,,,,,,,,,,,,,,,,,,,,,,,,,,,,,,,,,,,,,,,,,,
"10.0.1.7","36.51.254.37","40","1","0",,,,"64","6","256256","112645","1640","0","25","0","0x00000010","0.000020000",,,,,,,,,,,,,,,,,,,,,,,,,,,,,,,,,,,,,,,,,,,
"10.0.1.7","36.51.254.37","40","1","0",,,,"64","6","262144","114105","1640","0","25","0","0x00000010","0.000038000",,,,,,,,,,,,,,,,,,,,,,,,,,,,,,,,,,,,,,,,,,,
"36.51.254.37","10.0.1.7","1500","0","0",,,,"53","6","17408","1497","114105","1460","25","0","0x00000010",,,,,,,,,,,,,,,,,,,,,,,,,,,,,,,,,,,,,,,,,,,,
"36.51.254.37","10.0.1.7","1500","0","0",,,,"53","6","17408","1497","115565","1460","25","0","0x00000010",,"1","4134",,"1","23",,,,,,,,,,,,,,,,,,,,,,,,,,,,,,,,,,,,,,
"36.51.254.37","10.0.1.7","1500","0","0",,,,"53","6","17408","1497","117025","1460","25","0","0x00000010",,,,,,,,,,,,,,,,,,,,,,,,,,,,,,,,,,,,,,,,,,,,
"36.51.254.37","10.0.1.7","1500","0","0",,,,"53","6","17408","1497","118485","1460","25","0","0x00000010",,,,,,,,,,,,,,,,,,,,,,,,,,,,,,,,,,,,,,,,,,,,
"36.51.254.37","10.0.1.7","1500","0","0",,,,"53","6","17408","1497","119945","1460","25","0","0x00000010",,"1","4134",,"1","23",,,,,,,,,,,,,,,,,,,,,,,,,,,,,,,,,,,,,,
"36.51.254.37","10.0.1.7","1500","0","0",,,,"53","6","17408","1497","121405","1460","25","0","0x00000010",,,,,,,,,,,,,,,,,,,,,,,,,,,,,,,,,,,,,,,,,,,,
"10.0.1.7","36.51.254.37","40","1","0",,,,"64","6","259200","117025","1640","0","25","0","0x00000010","0.000030000",,,,,,,,,,,,,,,,,,,,,,,,,,,,,,,,,,,,,,,,,,,
"10.0.1.7","36.51.254.37","40","1","0",,,,"64","6","256256","119945","1640","0","25","0","0x00000010","0.000029000",,,,,,,,,,,,,,,,,,,,,,,,,,,,,,,,,,,,,,,,,,,
"10.0.1.7","36.51.254.37","40","1","0",,,,"64","6","253376","122865","1640","0","25","0","0x00000010","0.000027000",,,,,,,,,,,,,,,,,,,,,,,,,,,,,,,,,,,,,,,,,,,
"36.51.254.37","10.0.1.7","1500","0","0",,,,"53","6","17408","1497","122865","1460","25","0","0x00000010",,"1","4134",,"1","23",,,,,,,,,,,,,,,,,,,,,,,,,,,,,,,,,,,,,,
"36.51.254.37","10.0.1.7","1500","0","0",,,,"53","6","17408","1497","124325","1460","25","0","0x00000010",,,,,,,,,,,,,,,,,,,,,,,,,,,,,,,,,,,,,,,,,,,,
"36.51.254.37","10.0.1.7","1500","0","0",,,,"52","6","17408","1497","125785","1460","25","0","0x00000010",,,,,,,,,,,,,,,,,,,,,,,,,,,,,,,,,,,,,,,,,,,,
"10.0.1.7","36.51.254.37","40","1","0",,,,"64","6","262144","122865","1640","0","25","0","0x00000010",,,,,,,,,,,,,,,,,,,,,,,,,,,,,,,,,,,,,,,,,,,,
"10.0.1.7","36.51.254.37","40","1","0",,,,"64","6","259200","125785","1640","0","25","0","0x00000010","0.000017000",,,,,,,,,,,,,,,,,,,,,,,,,,,,,,,,,,,,,,,,,,,
"10.0.1.7","36.51.254.37","40","1","0",,,,"64","6","262144","127245","1640","0","25","0","0x00000010","0.000053000",,,,,,,,,,,,,,,,,,,,,,,,,,,,,,,,,,,,,,,,,,,
"36.51.254.37","10.0.1.7","1500","0","0",,,,"52","6","17408","1497","127245","1460","25","0","0x00000010",,"1","4134",,"1","23",,,,,,,,,,,,,,,,,,,,,,,,,,,,,,,,,,,,,,
"36.51.254.37","10.0.1.7","1500","0","0",,,,"52","6","17408","1497","128705","1460","25","0","0x00000010",,,,,,,,,,,,,,,,,,,,,,,,,,,,,,,,,,,,,,,,,,,,
"10.0.1.7","36.51.254.37","40","1","0",,,,"64","6","259200","130165","1640","0","25","0","0x00000010","0.000029000",,,,,,,,,,,,,,,,,,,,,,,,,,,,,,,,,,,,,,,,,,,
"10.0.1.7","36.51.254.37","40","1","0",,,,"64","6","262144","130165","1640","0","25","0","0x00000010",,,,,,,,,,,,,,,,,,,,,,,,,,,,,,,,,,,,,,,,,,,,
"36.51.254.37","10.0.1.7","1500","0","0",,,,"53","6","17408","1497","130165","1460","25","0","0x00000010",,,,,,,,,,,,,,,,,,,,,,,,,,,,,,,,,,,,,,,,,,,,
"36.51.254.37","10.0.1.7","1500","0","0",,,,"53","6","17408","1497","131625","1460","25","0","0x00000010",,"1","4134",,"1","23",,,,,,,,,,,,,,,,,,,,,,,,,,,,,,,,,,,,,,
"36.51.254.37","10.0.1.7","1500","0","0",,,,"53","6","17408","1497","133085","1460","25","0","0x00000018",,,,,,,,,,,,,,,,,,,,,,,,,,,,,,,,,,,,,,,,,,,,
"36.51.254.37","10.0.1.7","1500","0","0",,,,"52","6","17408","1497","134545","1460","25","0","0x00000010",,,,,,,,,,,,,,,,,,,,,,,,,,,,,,,,,,,,,,,,,,,,
"36.51.254.37","10.0.1.7","1500","0","0",,,,"53","6","17408","1497","136005","1460","25","0","0x00000010",,"1","4134",,"1","23",,,,,,,,,,,,,,,,,,,,,,,,,,,,,,,,,,,,,,
"36.51.254.37","10.0.1.7","1500","0","0",,,,"53","6","17408","1497","137465","1460","25","0","0x00000010",,,,,,,,,,,,,,,,,,,,,,,,,,,,,,,,,,,,,,,,,,,,
"36.51.254.37","10.0.1.7","1500","0","0",,,,"53","6","17408","1497","138925","1460","25","0","0x00000010",,,,,,,,,,,,,,,,,,,,,,,,,,,,,,,,,,,,,,,,,,,,
"36.51.254.37","10.0.1.7","1500","0","0",,,,"53","6","17408","1497","140385","1460","25","0","0x00000010",,"1","4134",,"1","23",,,,,,,,,,,,,,,,,,,,,,,,,,,,,,,,,,,,,,
"36.51.254.37","10.0.1.7","1500","0","0",,,,"53","6","17408","1497","141845","1460","25","0","0x00000010",,,,,,,,,,,,,,,,,,,,,,,,,,,,,,,,,,,,,,,,,,,,
"36.51.254.37","10.0.1.7","1500","0","0",,,,"53","6","17408","1497","143305","1460","25","0","0x00000010",,"1","4134",,"1","23",,,,,,,,,,,,,,,,,,,,,,,,,,,,,,,,,,,,,,
"36.51.254.37","10.0.1.7","1500","0","0",,,,"53","6","17408","1497","144765","1460","25","0","0x00000010",,,,,,,,,,,,,,,,,,,,,,,,,,,,,,,,,,,,,,,,,,,,
"10.0.1.7","36.51.254.37","40","1","0",,,,"64","6","259200","133085","1640","0","25","0","0x00000010","0.000069000",,,,,,,,,,,,,,,,,,,,,,,,,,,,,,,,,,,,,,,,,,,
"10.0.1.7","36.51.254.37","40","1","0",,,,"64","6","257728","134545","1640","0","25","0","0x00000010","0.000069000",,,,,,,,,,,,,,,,,,,,,,,,,,,,,,,,,,,,,,,,,,,
"10.0.1.7","36.51.254.37","40","1","0",,,,"64","6","254784","137465","1640","0","25","0","0x00000010","0.000068000",,,,,,,,,,,,,,,,,,,,,,,,,,,,,,,,,,,,,,,,,,,
"10.0.1.7","36.51.254.37","40","1","0",,,,"64","6","251904","140385","1640","0","25","0","0x00000010","0.000066000",,,,,,,,,,,,,,,,,,,,,,,,,,,,,,,,,,,,,,,,,,,
"10.0.1.7","36.51.254.37","40","1","0",,,,"64","6","262144","140385","1640","0","25","0","0x00000010",,,,,,,,,,,,,,,,,,,,,,,,,,,,,,,,,,,,,,,,,,,,
"10.0.1.7","36.51.254.37","40","1","0",,,,"64","6","259200","143305","1640","0","25","0","0x00000010","0.000064000",,,,,,,,,,,,,,,,,,,,,,,,,,,,,,,,,,,,,,,,,,,
"10.0.1.7","36.51.254.37","40","1","0",,,,"64","6","256256","146225","1640","0","25","0","0x00000010","0.000087000",,,,,,,,,,,,,,,,,,,,,,,,,,,,,,,,,,,,,,,,,,,
"10.0.1.7","36.51.254.37","40","1","0",,,,"64","6","262144","146225","1640","0","25","0","0x00000010",,,,,,,,,,,,,,,,,,,,,,,,,,,,,,,,,,,,,,,,,,,,
"36.51.254.37","10.0.1.7","1500","0","0",,,,"52","6","18944","1640","146225","1460","25","0","0x00000010","0.054485000",,,,,,,,,,,,,,,,,,,,,,,,,,,,,,,,,,,,,,,,,,,
"36.51.254.37","10.0.1.7","1500","0","0",,,,"52","6","18944","1640","147685","1460","25","0","0x00000010",,"1","4134",,"1","23",,,,,,,,,,,,,,,,,,,,,,,,,,,,,,,,,,,,,,
"10.0.1.7","36.51.254.37","40","1","0",,,,"64","6","260672","149145","1640","0","25","0","0x00000010","0.000037000",,,,,,,,,,,,,,,,,,,,,,,,,,,,,,,,,,,,,,,,,,,
"36.51.254.37","10.0.1.7","1500","0","0",,,,"53","6","18944","1640","149145","1460","25","0","0x00000010",,,,,,,,,,,,,,,,,,,,,,,,,,,,,,,,,,,,,,,,,,,,
"36.51.254.37","10.0.1.7","1500","0","0",,,,"53","6","18944","1640","150605","1460","25","0","0x00000010",,,,,,,,,,,,,,,,,,,,,,,,,,,,,,,,,,,,,,,,,,,,
"10.0.1.7","36.51.254.37","40","1","0",,,,"64","6","259200","152065","1640","0","25","0","0x00000010","0.000012000",,,,,,,,,,,,,,,,,,,,,,,,,,,,,,,,,,,,,,,,,,,
"10.0.1.7","36.51.254.37","40","1","0",,,,"64","6","262144","152065","1640","0","25","0","0x00000010",,,,,,,,,,,,,,,,,,,,,,,,,,,,,,,,,,,,,,,,,,,,
"36.51.254.37","10.0.1.7","1500","0","0",,,,"52","6","18944","1640","152065","1460","25","0","0x00000010",,"1","4134",,"1","23",,,,,,,,,,,,,,,,,,,,,,,,,,,,,,,,,,,,,,
"36.51.254.37","10.0.1.7","1500","0","0",,,,"53","6","18944","1640","153525","1460","25","0","0x00000010",,,,,,,,,,,,,,,,,,,,,,,,,,,,,,,,,,,,,,,,,,,,
"10.0.1.7","36.51.254.37","40","1","0",,,,"64","6","259200","154985","1640","0","25","0","0x00000010","0.000050000",,,,,,,,,,,,,,,,,,,,,,,,,,,,,,,,,,,,,,,,,,,
"10.0.1.7","36.51.254.37","40","1","0",,,,"64","6","262144","154985","1640","0","25","0","0x00000010",,,,,,,,,,,,,,,,,,,,,,,,,,,,,,,,,,,,,,,,,,,,
"36.51.254.37","10.0.1.7","1500","0","0",,,,"53","6","18944","1640","154985","1460","25","0","0x00000010",,,,,,,,,,,,,,,,,,,,,,,,,,,,,,,,,,,,,,,,,,,,
"36.51.254.37","10.0.1.7","1500","0","0",,,,"53","6","18944","1640","156445","1460","25","0","0x00000010",,"1","4134",,"1","23",,,,,,,,,,,,,,,,,,,,,,,,,,,,,,,,,,,,,,
"36.51.254.37","10.0.1.7","1500","0","0",,,,"53","6","18944","1640","157905","1460","25","0","0x00000010",,,,,,,,,,,,,,,,,,,,,,,,,,,,,,,,,,,,,,,,,,,,
"36.51.254.37","10.0.1.7","1500","0","0",,,,"53","6","18944","1640","159365","1460","25","0","0x00000010",,,,,,,,,,,,,,,,,,,,,,,,,,,,,,,,,,,,,,,,,,,,
"36.51.254.37","10.0.1.7","1500","0","0",,,,"53","6","18944","1640","160825","1460","25","0","0x00000010",,"1","4134",,"1","23",,,,,,,,,,,,,,,,,,,,,,,,,,,,,,,,,,,,,,
"36.51.254.37","10.0.1.7","1500","0","0",,,,"53","6","18944","1640","162285","1460","25","0","0x00000010",,,,,,,,,,,,,,,,,,,,,,,,,,,,,,,,,,,,,,,,,,,,
"10.0.1.7","36.51.254.37","40","1","0",,,,"64","6","259200","157905","1640","0","25","0","0x00000010","0.000035000",,,,,,,,,,,,,,,,,,,,,,,,,,,,,,,,,,,,,,,,,,,
"10.0.1.7","36.51.254.37","40","1","0",,,,"64","6","256256","160825","1640","0","25","0","0x00000010","0.000034000",,,,,,,,,,,,,,,,,,,,,,,,,,,,,,,,,,,,,,,,,,,
"10.0.1.7","36.51.254.37","40","1","0",,,,"64","6","253376","163745","1640","0","25","0","0x00000010","0.000031000",,,,,,,,,,,,,,,,,,,,,,,,,,,,,,,,,,,,,,,,,,,
"10.0.1.7","36.51.254.37","40","1","0",,,,"64","6","262144","163745","1640","0","25","0","0x00000010",,,,,,,,,,,,,,,,,,,,,,,,,,,,,,,,,,,,,,,,,,,,
"36.51.254.37","10.0.1.7","1500","0","0",,,,"52","6","18944","1640","163745","1460","25","0","0x00000010",,,,,,,,,,,,,,,,,,,,,,,,,,,,,,,,,,,,,,,,,,,,
"36.51.254.37","10.0.1.7","1500","0","0",,,,"53","6","18944","1640","165205","1460","25","0","0x00000010",,"1","4134",,"1","23",,,,,,,,,,,,,,,,,,,,,,,,,,,,,,,,,,,,,,
"10.0.1.7","36.51.254.37","40","1","0",,,,"64","6","259200","166665","1640","0","25","0","0x00000010","0.000032000",,,,,,,,,,,,,,,,,,,,,,,,,,,,,,,,,,,,,,,,,,,
"10.0.1.7","36.51.254.37","40","1","0",,,,"64","6","262144","166665","1640","0","25","0","0x00000010",,,,,,,,,,,,,,,,,,,,,,,,,,,,,,,,,,,,,,,,,,,,
"36.51.254.37","10.0.1.7","113","0","0",,,,"53","6","18944","1640","166665","73","25","0","0x00000018",,"1","373",,"1","23",,,,,,,,,,,,,,,,,,,,,,,,,,,,,,,,,,,,,,
"10.0.1.7","36.51.254.37","40","1","0",,,,"64","6","262016","166738","1640","0","25","0","0x00000010","0.000036000",,,,,,,,,,,,,,,,,,,,,,,,,,,,,,,,,,,,,,,,,,,
"10.0.1.7","36.51.254.37","148","1","0",,,,"64","6","262144","166738","1640","108","25","0","0x00000018",,,,,"1","23",,,,,,,,,,,,,,,,,,,,,,,,,,,,,,,,,,,,,,
"10.0.1.7","180.149.136.49","1209","1","0",,,,"64","6","2048","1","1","1157","28","0","0x00000018",,,,,"1","23",,,,,,,,,,,,,,,,,,,,,,,,,,,,,,,,,,,,,,
"10.0.1.7","36.51.254.37","151","1","0",,,,"64","6","262144","166738","1748","111","25","0","0x00000018",,,,,"1","23",,,,,,,,,,,,,,,,,,,,,,,,,,,,,,,,,,,,,,
"10.0.1.7","36.51.254.37","170","1","0",,,,"64","6","262144","166738","1859","130","25","0","0x00000018",,,,,"1","23",,,,,,,,,,,,,,,,,,,,,,,,,,,,,,,,,,,,,,
"10.0.1.7","36.51.254.37","151","1","0",,,,"64","6","262144","166738","1989","111","25","0","0x00000018",,,,,"1","23",,,,,,,,,,,,,,,,,,,,,,,,,,,,,,,,,,,,,,
"10.0.1.7","47.246.1.13","181","1","0",,,,"64","6","262144","6056","1594","141","24","0","0x00000018",,,,,"1","23",,,,,,,,,,,,,,,,,,,,,,,,,,,,,,,,,,,,,,
"10.0.1.7","47.246.1.13","192","1","0",,,,"64","6","262144","6056","1735","152","24","0","0x00000018",,,,,"1","23",,,,,,,,,,,,,,,,,,,,,,,,,,,,,,,,,,,,,,
"47.246.1.13","10.0.1.7","430","0","0",,,,"53","6","36352","1887","6056","390","24","0","0x00000018","0.013457000",,,,"1","23",,,,,,,,,,,,,,,,,,,,,,,,,,,,,,,,,,,,,,
"10.0.1.7","47.246.1.13","40","1","0",,,,"64","6","261696","6446","1887","0","24","0","0x00000010","0.000045000",,,,,,,,,,,,,,,,,,,,,,,,,,,,,,,,,,,,,,,,,,,
"47.246.1.13","10.0.1.7","434","1","0",,,,"53","6","36352","1887","6446","394","24","0","0x00000018",,,,,"1","23",,,,,,,,,,,,,,,,,,,,,,,,,,,,,,,,,,,,,,
"10.0.1.7","47.246.1.13","40","1","0",,,,"64","6","261696","6840","1887","0","24","0","0x00000010","0.000039000",,,,,,,,,,,,,,,,,,,,,,,,,,,,,,,,,,,,,,,,,,,
"10.0.1.7","47.246.1.13","150","1","0",,,,"64","6","262144","6840","1887","110","24","0","0x00000018",,,,,"1","23",,,,,,,,,,,,,,,,,,,,,,,,,,,,,,,,,,,,,,
"47.246.1.13","10.0.1.7","1082","1","0",,,,"53","6","36352","1997","6840","1042","24","0","0x00000010","0.008493000",,,,"1","23",,,,,,,,,,,,,,,,,,,,,,,,,,,,,,,,,,,,,,
"47.246.1.13","10.0.1.7","1469","1","0",,,,"54","6","36352","1997","7882","1429","24","0","0x00000018",,,,,"1","23",,,,,,,,,,,,,,,,,,,,,,,,,,,,,,,,,,,,,,
"10.0.1.7","47.246.1.13","40","1","0",,,,"64","6","259648","9311","1997","0","24","0","0x00000010","0.000046000",,,,,,,,,,,,,,,,,,,,,,,,,,,,,,,,,,,,,,,,,,,
"47.246.1.13","10.0.1.7","1279","1","0",,,,"53","6","36352","1997","9311","1239","24","0","0x00000018",,,,,"1","23",,,,,,,,,,,,,,,,,,,,,,,,,,,,,,,,,,,,,,
"10.0.1.7","47.246.1.13","40","1","0",,,,"64","6","260864","10550","1997","0","24","0","0x00000010","0.000037000",,,,,,,,,,,,,,,,,,,,,,,,,,,,,,,,,,,,,,,,,,,
"10.0.1.7","159.65.251.183","64","1","0",,,,"64","6","65535","0","0","0","29","0","0x00000002",,,,,,,,,,,,,,,,,,,,,,,,,,,,,,,,,,,,,,,,,,,,
"36.51.254.37","10.0.1.7","413","0","0",,,,"52","6","18944","1748","166738","373","25","0","0x00000018","0.046263000",,,,"1","23",,,,,,,,,,,,,,,,,,,,,,,,,,,,,,,,,,,,,,
"10.0.1.7","36.51.254.37","40","1","0",,,,"64","6","261760","167111","2100","0","25","0","0x00000010","0.000070000",,,,,,,,,,,,,,,,,,,,,,,,,,,,,,,,,,,,,,,,,,,
"36.51.254.37","10.0.1.7","40","0","0",,,,"52","6","20480","2100","167111","0","25","0","0x00000010","0.050633000",,,,,,,,,,,,,,,,,,,,,,,,,,,,,,,,,,,,,,,,,,,
"36.51.254.37","10.0.1.7","414","0","0",,,,"52","6","20480","2100","167111","374","25","0","0x00000018",,,,,"1","23",,,,,,,,,,,,,,,,,,,,,,,,,,,,,,,,,,,,,,
"10.0.1.7","36.51.254.37","40","1","0",,,,"64","6","261760","167485","2100","0","25","0","0x00000010","0.000028000",,,,,,,,,,,,,,,,,,,,,,,,,,,,,,,,,,,,,,,,,,,
"36.51.254.37","10.0.1.7","413","0","0",,,,"52","6","20480","2100","167485","373","25","0","0x00000010",,,,,"1","23",,,,,,,,,,,,,,,,,,,,,,,,,,,,,,,,,,,,,,
"36.51.254.37","10.0.1.7","413","0","0",,,,"53","6","20480","2100","167858","373","25","0","0x00000018",,,,,"1","23",,,,,,,,,,,,,,,,,,,,,,,,,,,,,,,,,,,,,,
"10.0.1.7","36.51.254.37","40","1","0",,,,"64","6","261376","168231","2100","0","25","0","0x00000010","0.000062000",,,,,,,,,,,,,,,,,,,,,,,,,,,,,,,,,,,,,,,,,,,
"10.0.1.7","36.51.254.37","146","1","0",,,,"64","6","262144","168231","2100","106","25","0","0x00000018",,,,,"1","23",,,,,,,,,,,,,,,,,,,,,,,,,,,,,,,,,,,,,,
"10.0.1.7","113.108.216.233","64","1","0",,,,"64","6","65535","0","0","0","30","0","0x00000002",,,,,,,,,,,,,,,,,,,,,,,,,,,,,,,,,,,,,,,,,,,,
"10.0.1.7","36.51.254.37","156","1","0",,,,"64","6","262144","168231","2206","116","25","0","0x00000018",,,,,"1","23",,,,,,,,,,,,,,,,,,,,,,,,,,,,,,,,,,,,,,
"36.51.254.37","10.0.1.7","1500","0","0",,,,"52","6","20480","2206","168231","1460","25","0","0x00000010","0.043776000",,,,,,,,,,,,,,,,,,,,,,,,,,,,,,,,,,,,,,,,,,,
"36.51.254.37","10.0.1.7","254","0","0",,,,"53","6","20480","2206","169691","214","25","0","0x00000018",,"1","1674",,"1","23",,,,,,,,,,,,,,,,,,,,,,,,,,,,,,,,,,,,,,
"36.51.254.37","10.0.1.7","78","0","0",,,,"52","6","20480","2206","169905","38","25","0","0x00000018",,,,,"1","23",,,,,,,,,,,,,,,,,,,,,,,,,,,,,,,,,,,,,,
"10.0.1.7","36.51.254.37","40","1","0",,,,"64","6","260416","169905","2322","0","25","0","0x00000010","0.000063000",,,,,,,,,,,,,,,,,,,,,,,,,,,,,,,,,,,,,,,,,,,
"10.0.1.7","36.51.254.37","40","1","0",,,,"64","6","260416","169943","2322","0","25","0","0x00000010","0.000012000",,,,,,,,,,,,,,,,,,,,,,,,,,,,,,,,,,,,,,,,,,,
"36.51.254.37","10.0.1.7","413","0","0",,,,"52","6","20480","2322","169943","373","25","0","0x00000018","0.044131000",,,,"1","23",,,,,,,,,,,,,,,,,,,,,,,,,,,,,,,,,,,,,,
"10.0.1.7","36.51.254.37","40","1","0",,,,"64","6","261760","170316","2322","0","25","0","0x00000010","0.000060000",,,,,,,,,,,,,,,,,,,,,,,,,,,,,,,,,,,,,,,,,,,
"10.0.1.7","36.51.254.217","1351","1","0",,,,"64","6","262144","4851","836","1311","21","0","0x00000018",,,,,"1","23",,,,,,,,,,,,,,,,,,,,,,,,,,,,,,,,,,,,,,
"10.0.1.7","36.51.254.217","64","1","0",,,,"64","6","65535","0","0","0","31","0","0x00000002",,,,,,,,,,,,,,,,,,,,,,,,,,,,,,,,,,,,,,,,,,,,
"10.0.1.7","47.246.1.13","188","1","0",,,,"64","6","262144","10550","1997","148","24","0","0x00000018",,,,,"1","23",,,,,,,,,,,,,,,,,,,,,,,,,,,,,,,,,,,,,,
"10.0.1.7","36.51.254.37","208","1","0",,,,"64","6","262144","170316","2322","168","25","0","0x00000018",,,,,"1","23",,,,,,,,,,,,,,,,,,,,,,,,,,,,,,,,,,,,,,
"140.143.202.143","10.0.1.7","60","0","0",,,,"36","6","65535","1","0","0","19","0","0x00000012",,,,,,,,,,,,,,,,,,,,,,,,,,,,,,,,,,,,,,,,,,,,
"10.0.1.7","140.143.202.143","52","1","0",,,,"64","6","131264","1","1","0","19","0","0x00000010","0.000043000",,,,,,,,,,,,,,,,,,,,,,,,,,,,,,,,,,,,,,,,,,,
"47.246.1.13","10.0.1.7","841","1","0",,,,"53","6","37376","2145","10550","801","24","0","0x00000010","0.013728000",,,,"1","23",,,,,,,,,,,,,,,,,,,,,,,,,,,,,,,,,,,,,,
"47.246.1.13","10.0.1.7","78","1","0",,,,"54","6","37376","2145","11351","38","24","0","0x00000018",,,,,"1","23",,,,,,,,,,,,,,,,,,,,,,,,,,,,,,,,,,,,,,
"10.0.1.7","47.246.1.13","40","1","0",,,,"64","6","261248","11389","2145","0","24","0","0x00000010","0.000046000",,,,,,,,,,,,,,,,,,,,,,,,,,,,,,,,,,,,,,,,,,,
"10.0.1.7","113.108.216.233","64","1","0",,,,"64","6","65535","0","0","0","32","0","0x00000002",,,,,,,,,,,,,,,,,,,,,,,,,,,,,,,,,,,,,,,,,,,,
"36.51.254.217","10.0.1.7","52","0","0",,,,"52","6","14600","1","0","0","31","0","0x00000012","0.041587000",,,,,,,,,,,,,,,,,,,,,,,,,,,,,,,,,,,,,,,,,,,
"10.0.1.7","36.51.254.217","40","1","0",,,,"64","6","262144","1","1","0","31","0","0x00000010","0.000078000",,,,,,,,,,,,,,,,,,,,,,,,,,,,,,,,,,,,,,,,,,,
"10.0.1.7","36.51.254.217","557","1","0",,,,"64","6","262144","1","1","517","31","0","0x00000018",,,,"1","1","22",,,,,,,,,,,,,,,,,,,,,,,,,,,,,,,,,,,,,,
"10.0.1.7","159.65.251.183","64","1","0",,,,"64","6","65535","0","0","0","33","0","0x00000002",,,,,,,,,,,,,,,,,,,,,,,,,,,,,,,,,,,,,,,,,,,,
"10.0.1.7","36.51.254.37","151","1","0",,,,"64","6","262144","170316","2490","111","25","0","0x00000018",,,,,"1","23",,,,,,,,,,,,,,,,,,,,,,,,,,,,,,,,,,,,,,
"159.65.251.183","10.0.1.7","60","0","0",,,,"48","6","28960","1","0","0","29","0","0x00000012","0.256582000",,,,,,,,,,,,,,,,,,,,,,,,,,,,,,,,,,,,,,,,,,,
"10.0.1.7","159.65.251.183","52","1","0",,,,"64","6","131712","1","1","0","29","0","0x00000010","0.000075000",,,,,,,,,,,,,,,,,,,,,,,,,,,,,,,,,,,,,,,,,,,
"10.0.1.7","159.65.251.183","569","1","0",,,,"64","6","131712","1","1","517","29","0","0x00000018",,,,"1","1","22",,,,,,,,,,,,,,,,,,,,,,,,,,,,,,,,,,,,,,
"36.51.254.37","10.0.1.7","1500","0","0",,,,"52","6","22528","2490","170316","1460","25","0","0x00000010","0.051721000",,,,,,,,,,,,,,,,,,,,,,,,,,,,,,,,,,,,,,,,,,,
"36.51.254.37","10.0.1.7","639","0","0",,,,"53","6","22528","2490","171776","599","25","0","0x00000018",,"1","2059",,"1","23",,,,,,,,,,,,,,,,,,,,,,,,,,,,,,,,,,,,,,
"10.0.1.7","36.51.254.37","40","1","0",,,,"64","6","260032","172375","2601","0","25","0","0x00000010","0.000072000",,,,,,,,,,,,,,,,,,,,,,,,,,,,,,,,,,,,,,,,,,,
"36.51.254.217","10.0.1.7","40","0","0",,,,"52","6","19456","2147","4851","0","21","0","0x00000010","0.081855000",,,,,,,,,,,,,,,,,,,,,,,,,,,,,,,,,,,,,,,,,,,
"36.51.254.217","10.0.1.7","40","0","0",,,,"52","6","15744","518","1","0","31","0","0x00000010","0.039434000",,,,,,,,,,,,,,,,,,,,,,,,,,,,,,,,,,,,,,,,,,,
"36.51.254.217","10.0.1.7","1500","0","0",,,,"53","6","15744","518","1","1460","31","0","0x00000010",,,,"1","1","22",,,,,,,,,,,,,,,,,,,,,,,,,,,,,,,,,,,,,,
"36.51.254.217","10.0.1.7","1500","0","0",,,,"53","6","15744","518","1461","1460","31","0","0x00000010",,,,,,,,,,,,,,,,,,,,,,,,,,,,,,,,,,,,,,,,,,,,
"10.0.1.7","36.51.254.217","40","1","0",,,,"64","6","259200","2921","518","0","31","0","0x00000010","0.000051000",,,,,,,,,,,,,,,,,,,,,,,,,,,,,,,,,,,,,,,,,,,
"10.0.1.7","36.51.254.217","40","1","0",,,,"64","6","262144","2921","518","0","31","0","0x00000010",,,,,,,,,,,,,,,,,,,,,,,,,,,,,,,,,,,,,,,,,,,,
"36.51.254.217","10.0.1.7","1500","0","0",,,,"52","6","15744","518","2921","1460","31","0","0x00000010",,,,,,,,,,,,,,,,,,,,,,,,,,,,,,,,,,,,,,,,,,,,
"36.51.254.217","10.0.1.7","283","0","0",,,,"53","6","15744","518","4381","243","31","0","0x00000018",,"1","4541","1","1","22",,"3356",,,,,,,,,,,,,,,,,,,,,,,,,,,,,,,,,,,,
"10.0.1.7","36.51.254.217","40","1","0",,,,"64","6","260416","4624","518","0","31","0","0x00000010","0.000020000",,,,,,,,,,,,,,,,,,,,,,,,,,,,,,,,,,,,,,,,,,,
"10.0.1.7","36.51.254.217","358","1","0",,,,"64","6","262144","4624","518","318","31","0","0x00000018",,,,"1","1","22",,,,,,,,,,,,,,,,,,,,,,,,,,,,,,,,,,,,,,
"36.51.254.37","10.0.1.7","78","0","0",,,,"52","6","22528","2601","172375","38","25","0","0x00000018","0.059071000",,,,"1","23",,,,,,,,,,,,,,,,,,,,,,,,,,,,,,,,,,,,,,
"10.0.1.7","36.51.254.37","40","1","0",,,,"64","6","262080","172413","2601","0","25","0","0x00000010","0.000089000",,,,,,,,,,,,,,,,,,,,,,,,,,,,,,,,,,,,,,,,,,,
"36.51.254.37","10.0.1.7","414","0","0",,,,"52","6","22528","2601","172413","374","25","0","0x00000018",,,,,"1","23",,,,,,,,,,,,,,,,,,,,,,,,,,,,,,,,,,,,,,
"10.0.1.7","36.51.254.37","40","1","0",,,,"64","6","261760","172787","2601","0","25","0","0x00000010","0.000088000",,,,,,,,,,,,,,,,,,,,,,,,,,,,,,,,,,,,,,,,,,,
"36.51.254.217","10.0.1.7","282","0","0",,,,"52","6","16768","836","4624","242","31","0","0x00000018","0.042676000",,,"1","1","22",,,,,,,,,,,,,,,,,,,,,,,,,,,,,,,,,,,,,,
"10.0.1.7","36.51.254.217","40","1","0",,,,"64","6","261888","4866","836","0","31","0","0x00000010","0.000086000",,,,,,,,,,,,,,,,,,,,,,,,,,,,,,,,,,,,,,,,,,,
"10.0.1.7","180.149.153.68","64","1","0",,,,"64","6","65535","0","0","0","34","0","0x00000002",,,,,,,,,,,,,,,,,,,,,,,,,,,,,,,,,,,,,,,,,,,,
"10.0.1.7","36.51.254.217","1312","1","0",,,,"64","6","262144","4866","836","1272","31","0","0x00000018",,,,,"1","23",,,,,,,,,,,,,,,,,,,,,,,,,,,,,,,,,,,,,,
"10.0.1.7","23.74.229.240","64","1","0",,,,"64","6","65535","0","0","0","35","0","0x00000002",,,,,,,,,,,,,,,,,,,,,,,,,,,,,,,,,,,,,,,,,,,,
"10.0.1.7","23.74.229.240","64","1","0",,,,"64","6","65535","0","0","0","36","0","0x00000002",,,,,,,,,,,,,,,,,,,,,,,,,,,,,,,,,,,,,,,,,,,,
"10.0.1.7","23.74.229.240","64","1","0",,,,"64","6","65535","0","0","0","37","0","0x00000002",,,,,,,,,,,,,,,,,,,,,,,,,,,,,,,,,,,,,,,,,,,,
"23.74.229.240","10.0.1.7","60","0","0",,,,"54","6","28960","1","0","0","35","0","0x00000012","0.005854000",,,,,,,,,,,,,,,,,,,,,,,,,,,,,,,,,,,,,,,,,,,
"10.0.1.7","23.74.229.240","52","1","0",,,,"64","6","131712","1","1","0","35","0","0x00000010","0.000085000",,,,,,,,,,,,,,,,,,,,,,,,,,,,,,,,,,,,,,,,,,,
"10.0.1.7","23.74.229.240","569","1","0",,,,"64","6","131712","1","1","517","35","0","0x00000018",,,,"1","1","22",,,,,,,,,,,,,,,,,,,,,,,,,,,,,,,,,,,,,,
"23.74.229.240","10.0.1.7","60","0","0",,,,"54","6","28960","1","0","0","36","0","0x00000012","0.006936000",,,,,,,,,,,,,,,,,,,,,,,,,,,,,,,,,,,,,,,,,,,
"23.74.229.240","10.0.1.7","60","0","0",,,,"54","6","28960","1","0","0","37","0","0x00000012","0.006923000",,,,,,,,,,,,,,,,,,,,,,,,,,,,,,,,,,,,,,,,,,,
"10.0.1.7","23.74.229.240","52","1","0",,,,"64","6","131712","1","1","0","36","0","0x00000010","0.000061000",,,,,,,,,,,,,,,,,,,,,,,,,,,,,,,,,,,,,,,,,,,
"10.0.1.7","23.74.229.240","52","1","0",,,,"64","6","131712","1","1","0","37","0","0x00000010","0.000058000",,,,,,,,,,,,,,,,,,,,,,,,,,,,,,,,,,,,,,,,,,,
"10.0.1.7","23.74.229.240","569","1","0",,,,"64","6","131712","1","1","517","36","0","0x00000018",,,,"1","1","22",,,,,,,,,,,,,,,,,,,,,,,,,,,,,,,,,,,,,,
"10.0.1.7","23.74.229.240","569","1","0",,,,"64","6","131712","1","1","517","37","0","0x00000018",,,,"1","1","22",,,,,,,,,,,,,,,,,,,,,,,,,,,,,,,,,,,,,,
"23.74.229.240","10.0.1.7","52","0","0",,,,"54","6","30080","518","1","0","35","0","0x00000010","0.005053000",,,,,,,,,,,,,,,,,,,,,,,,,,,,,,,,,,,,,,,,,,,
"23.74.229.240","10.0.1.7","204","0","0",,,,"54","6","30080","518","1","152","35","0","0x00000018",,,,"1","1","22",,,,,,,,,,,,,,,,,,,,,,,,,,,,,,,,,,,,,,
"10.0.1.7","23.74.229.240","52","1","0",,,,"64","6","131584","153","518","0","35","0","0x00000010","0.000045000",,,,,,,,,,,,,,,,,,,,,,,,,,,,,,,,,,,,,,,,,,,
"10.0.1.7","23.74.229.240","103","1","0",,,,"64","6","131584","153","518","51","35","0","0x00000018",,,,"1","1","20",,,,,,,,,,,,,,,,,,,,,,,,,,,,,,,,,,,,,,
"10.0.1.7","23.74.229.240","530","1","0",,,,"64","6","131584","153","569","478","35","0","0x00000018",,,,,"1","23",,,,,,,,,,,,,,,,,,,,,,,,,,,,,,,,,,,,,,
"23.74.229.240","10.0.1.7","52","0","0",,,,"54","6","30080","518","1","0","36","0","0x00000010","0.008039000",,,,,,,,,,,,,,,,,,,,,,,,,,,,,,,,,,,,,,,,,,,
"23.74.229.240","10.0.1.7","204","0","0",,,,"54","6","30080","518","1","152","36","0","0x00000018",,,,"1","1","22",,,,,,,,,,,,,,,,,,,,,,,,,,,,,,,,,,,,,,
"10.0.1.7","23.74.229.240","52","1","0",,,,"64","6","131584","153","518","0","36","0","0x00000010","0.000038000",,,,,,,,,,,,,,,,,,,,,,,,,,,,,,,,,,,,,,,,,,,
"10.0.1.7","23.74.229.240","103","1","0",,,,"64","6","131584","153","518","51","36","0","0x00000018",,,,"1","1","20",,,,,,,,,,,,,,,,,,,,,,,,,,,,,,,,,,,,,,
"10.0.1.7","23.74.229.240","535","1","0",,,,"64","6","131584","153","569","483","36","0","0x00000018",,,,,"1","23",,,,,,,,,,,,,,,,,,,,,,,,,,,,,,,,,,,,,,
"23.74.229.240","10.0.1.7","52","0","0",,,,"54","6","30080","518","1","0","37","0","0x00000010","0.009124000",,,,,,,,,,,,,,,,,,,,,,,,,,,,,,,,,,,,,,,,,,,
"23.74.229.240","10.0.1.7","204","0","0",,,,"54","6","30080","518","1","152","37","0","0x00000018",,,,"1","1","22",,,,,,,,,,,,,,,,,,,,,,,,,,,,,,,,,,,,,,
"10.0.1.7","23.74.229.240","52","1","0",,,,"64","6","131584","153","518","0","37","0","0x00000010","0.000042000",,,,,,,,,,,,,,,,,,,,,,,,,,,,,,,,,,,,,,,,,,,
"10.0.1.7","23.74.229.240","103","1","0",,,,"64","6","131584","153","518","51","37","0","0x00000018",,,,"1","1","20",,,,,,,,,,,,,,,,,,,,,,,,,,,,,,,,,,,,,,
"10.0.1.7","23.74.229.240","542","1","0",,,,"64","6","131584","153","569","490","37","0","0x00000018",,,,,"1","23",,,,,,,,,,,,,,,,,,,,,,,,,,,,,,,,,,,,,,
"23.74.229.240","10.0.1.7","52","0","0",,,,"54","6","31104","1047","153","0","35","0","0x00000010","0.009031000",,,,,,,,,,,,,,,,,,,,,,,,,,,,,,,,,,,,,,,,,,,
"23.74.229.240","10.0.1.7","1500","0","0",,,,"54","6","31104","1047","153","1448","35","0","0x00000010",,,,,,,,,,,,,,,,,,,,,,,,,,,,,,,,,,,,,,,,,,,,
"23.74.229.240","10.0.1.7","1500","1","0",,,,"55","6","31104","1047","1601","1448","35","0","0x00000010",,,,,,,,,,,,,,,,,,,,,,,,,,,,,,,,,,,,,,,,,,,,
"23.74.229.240","10.0.1.7","1500","1","0",,,,"55","6","31104","1047","3049","1448","35","0","0x00000010",,,,,,,,,,,,,,,,,,,,,,,,,,,,,,,,,,,,,,,,,,,,
"23.74.229.240","10.0.1.7","339","1","0",,,,"55","6","31104","1047","4497","287","35","0","0x00000018",,"1","4631",,"1","23",,,,,,,,,,,,,,,,,,,,,,,,,,,,,,,,,,,,,,
"10.0.1.7","23.74.229.240","52","1","0",,,,"64","6","129600","3049","1047","0","35","0","0x00000010","0.000050000",,,,,,,,,,,,,,,,,,,,,,,,,,,,,,,,,,,,,,,,,,,
"10.0.1.7","23.74.229.240","52","1","0",,,,"64","6","127872","4784","1047","0","35","0","0x00000010","0.000048000",,,,,,,,,,,,,,,,,,,,,,,,,,,,,,,,,,,,,,,,,,,
"10.0.1.7","23.74.229.240","52","1","0",,,,"64","6","131072","4784","1047","0","35","0","0x00000010",,,,,,,,,,,,,,,,,,,,,,,,,,,,,,,,,,,,,,,,,,,,
"23.74.229.240","10.0.1.7","52","0","0",,,,"54","6","31104","1052","153","0","36","0","0x00000010","0.010995000",,,,,,,,,,,,,,,,,,,,,,,,,,,,,,,,,,,,,,,,,,,
"23.74.229.240","10.0.1.7","1500","0","0",,,,"54","6","31104","1052","153","1448","36","0","0x00000010",,,,,,,,,,,,,,,,,,,,,,,,,,,,,,,,,,,,,,,,,,,,
"23.74.229.240","10.0.1.7","52","0","0",,,,"54","6","31104","1059","153","0","37","0","0x00000010","0.010392000",,,,,,,,,,,,,,,,,,,,,,,,,,,,,,,,,,,,,,,,,,,
"23.74.229.240","10.0.1.7","1500","0","0",,,,"54","6","31104","1059","153","1448","37","0","0x00000010",,,,,,,,,,,,,,,,,,,,,,,,,,,,,,,,,,,,,,,,,,,,
"23.74.229.240","10.0.1.7","1500","0","0",,,,"54","6","31104","1059","1601","1448","37","0","0x00000010",,,,,,,,,,,,,,,,,,,,,,,,,,,,,,,,,,,,,,,,,,,,
"23.74.229.240","10.0.1.7","659","0","0",,,,"54","6","31104","1052","1601","607","36","0","0x00000018",,"1","2055",,"1","23",,,,,,,,,,,,,,,,,,,,,,,,,,,,,,,,,,,,,,
"36.51.254.217","10.0.1.7","1500","0","0",,,,"52","6","19456","2147","4851","1460","21","0","0x00000010",,,,,,,,,,,,,,,,,,,,,,,,,,,,,,,,,,,,,,,,,,,,
"36.51.254.217","10.0.1.7","1500","0","0",,,,"53","6","19456","2147","6311","1460","21","0","0x00000010",,,,,,,,,,,,,,,,,,,,,,,,,,,,,,,,,,,,,,,,,,,,
"36.51.254.217","10.0.1.7","1500","0","0",,,,"53","6","19456","2147","7771","1460","21","0","0x00000010",,,,,,,,,,,,,,,,,,,,,,,,,,,,,,,,,,,,,,,,,,,,
"10.0.1.7","23.74.229.240","52","1","0",,,,"64","6","128704","3049","1059","0","37","0","0x00000010","0.000035000",,,,,,,,,,,,,,,,,,,,,,,,,,,,,,,,,,,,,,,,,,,
"10.0.1.7","36.51.254.217","40","1","0",,,,"64","6","259200","7771","2147","0","21","0","0x00000010","0.000055000",,,,,,,,,,,,,,,,,,,,,,,,,,,,,,,,,,,,,,,,,,,
"10.0.1.7","23.74.229.240","52","1","0",,,,"64","6","129536","2208","1052","0","36","0","0x00000010","0.000057000",,,,,,,,,,,,,,,,,,,,,,,,,,,,,,,,,,,,,,,,,,,
"36.51.254.217","10.0.1.7","1500","0","0",,,,"53","6","19456","2147","9231","1460","21","0","0x00000010",,,,,,,,,,,,,,,,,,,,,,,,,,,,,,,,,,,,,,,,,,,,
"10.0.1.7","36.51.254.217","40","1","0",,,,"64","6","256256","10691","2147","0","21","0","0x00000010","0.000019000",,,,,,,,,,,,,,,,,,,,,,,,,,,,,,,,,,,,,,,,,,,
"10.0.1.7","36.51.254.217","40","1","0",,,,"64","6","262144","10691","2147","0","21","0","0x00000010",,,,,,,,,,,,,,,,,,,,,,,,,,,,,,,,,,,,,,,,,,,,
"23.74.229.240","10.0.1.7","1500","0","0",,,,"54","6","31104","1059","3049","1448","37","0","0x00000010",,,,,,,,,,,,,,,,,,,,,,,,,,,,,,,,,,,,,,,,,,,,
"23.74.229.240","10.0.1.7","1500","1","0",,,,"55","6","31104","1059","4497","1448","37","0","0x00000010",,,,,,,,,,,,,,,,,,,,,,,,,,,,,,,,,,,,,,,,,,,,
"23.74.229.240","10.0.1.7","1500","1","0",,,,"55","6","31104","1059","5945","1448","37","0","0x00000010",,,,,,,,,,,,,,,,,,,,,,,,,,,,,,,,,,,,,,,,,,,,
"23.74.229.240","10.0.1.7","1500","1","0",,,,"55","6","31104","1059","7393","1448","37","0","0x00000010",,,,,,,,,,,,,,,,,,,,,,,,,,,,,,,,,,,,,,,,,,,,
"23.74.229.240","10.0.1.7","1500","1","0",,,,"55","6","31104","1059","8841","1448","37","0","0x00000010",,,,,,,,,,,,,,,,,,,,,,,,,,,,,,,,,,,,,,,,,,,,
"23.74.229.240","10.0.1.7","1500","1","0",,,,"55","6","31104","1059","10289","1448","37","0","0x00000010",,,,,,,,,,,,,,,,,,,,,,,,,,,,,,,,,,,,,,,,,,,,
